Start Time,End Time,BTS Name,Cell ID,BTS IP Address,BSC Name,Call Setup Success Rate,Call Setup Success Rate - NR,Call Setup Success Rate - DR,Call Success Rate,Call Success Rate - NR,Call Success Rate - DR,CS Erlangs,LCLS CS Erlangs,Total Channel Drops,SDCCH Drop Count,SDCCH Drop Rate,SDCCH Drop Rate - NR,SDCCH Drop Rate - DR,TCH Drop Count,TCH Drop Rate Prime,TCH Drop Rate Prime - NR,TCH Drop Rate Prime - DR,TCH Drop Rate,TCH Drop Rate - NR,TCH Drop Rate - DR,Immediate Assignment Procedure Success Rate,Immediate Assignment Procedure Success Rate - NR,Immediate Assignment Procedure Success Rate - DR,SDCCH Blocking Count,SDCCH Blocking Rate,SDCCH Blocking Rate - NR,SDCCH Blocking Rate - DR,TCH Blocking Count,TCH Blocking Rate,TCH Blocking Rate - NR,TCH Blocking Rate - DR,Number Of Tchf Attempts,Number Of Tchf Success,Number Of Tchh Attempts,Number Of Tchh Success,Number Of SDCCH Assignment Attempts,Number Of Successful SDCCH Assignments,External Handover Success Rate,External Handover Success Rate - NR,External Handover Success Rate - DR,Internal Handover Success Rate,Internal Handover Success Rate - NR,Internal Handover Success Rate - DR,Internal Handover Success Rate Prime,Internal Handover Success Rate Prime - NR,Internal Handover Success Rate Prime - DR,Total Voice Call Minutes,Mean Holding Time In Secs,Mean Holding Time In Secs - NR,Mean Holding Time In Secs - DR,DL TCH RxQual 0,DL TCH RxQual 1,DL TCH RxQual 2,DL TCH RxQual 3,DL TCH RxQual 4,DL TCH RxQual 5,DL TCH RxQual 6,DL TCH RxQual 7,UL TCH RxQual 0,UL TCH RxQual 1,UL TCH RxQual 2,UL TCH RxQual 3,UL TCH RxQual 4,UL TCH RxQual 5,UL TCH RxQual 6,UL TCH RxQual 7,UL TCH RxQual 0To5 Percent,DL TCH RxQual 0To5 Percent,SDCCH8 Blocking Count,Number Of Radio Connection Failures SDCCH4,Number Of Radio Connection Failures SDCCH8,Number Of Radio Connection Failures TCH_H,Number Of Radio Connection Failures TCH_F,Number Of SDCCH4 Assignment Attempts,Number Of SDCCH4 Assignment Success,Number Of SDCCH8 Assignment Attempts,Number Of SDCCH8 Assignment Success,SDCCH4 Blocking Count,TCH_H Blocking Count,TCH_F Blocking Count,Number Of Paging Attempts,Percent Smart Pages,Percent Smart Pages - NR,Percent Smart Pages - DR,Smart Paging Success Rate,Smart Paging Success Rate - NR,Smart Paging Success Rate - DR,Number Of Emergency Calls,Number Of Location Updates,Total Number Of Calls,External HandIn Success Rate,External HandIn Success Rate - NR,External HandIn Success Rate - DR,BTS Up Time,Abis Availability,Average TRX Up Time In Secs
Sep 25 2023 - 00:00:00,Sep 25 2023 - 00:15:00,DL5037,50371,10.28.73.26,MNG-KNVVB01,0.0,0.0,0.0,0.0,0.0,0.0,0.0,0.0,1.0,1.0,2.0,1.0,66.0,0.0,0.0,0.0,0.0,0.0,0.0,0.0,99.0,66.0,67.0,0.0,0.0,0.0,67.0,0.0,0.0,0.0,0.0,0.0,0.0,0.0,0.0,67.0,66.0,0.0,0.0,0.0,0.0,0.0,0.0,0.0,0.0,0.0,0.0,0.0,0.0,0.0,0.0,0.0,0.0,0.0,0.0,0.0,0.0,0.0,0.0,0.0,0.0,0.0,0.0,0.0,0.0,0.0,0.0,0.0,0.0,0.0,1.0,0.0,0.0,0.0,0.0,67.0,66.0,0.0,0.0,0.0,47.0,0.0,0.0,47.0,0.0,0.0,0.0,0.0,29.0,0.0,0.0,0.0,0.0,00:06:02:00,100.0,900.0
Sep 25 2023 - 00:15:00,Sep 25 2023 - 00:30:00,DL5037,50371,10.28.73.26,MNG-KNVVB01,100.0,1.0,1.0,100.0,1.0,1.0,0.0,0.0,0.0,0.0,0.0,0.0,59.0,0.0,0.0,0.0,1.0,0.0,0.0,1.0,100.0,59.0,59.0,0.0,0.0,0.0,59.0,0.0,0.0,0.0,1.0,0.0,0.0,1.0,1.0,59.0,59.0,0.0,0.0,0.0,0.0,0.0,0.0,0.0,0.0,0.0,0.0,8.0,0.0,1.0,13.0,0.0,0.0,0.0,0.0,0.0,0.0,0.0,14.0,0.0,0.0,0.0,0.0,0.0,0.0,2.0,88.0,88.0,0.0,0.0,0.0,0.0,0.0,0.0,0.0,59.0,59.0,0.0,0.0,0.0,38.0,0.0,0.0,38.0,0.0,0.0,0.0,0.0,20.0,1.0,0.0,0.0,0.0,00:06:17:00,100.0,900.0
Sep 25 2023 - 00:30:00,Sep 25 2023 - 00:45:00,DL5037,50371,10.28.73.26,MNG-KNVVB01,0.0,0.0,0.0,0.0,0.0,0.0,0.0,0.0,0.0,0.0,0.0,0.0,59.0,0.0,0.0,0.0,0.0,0.0,0.0,0.0,100.0,59.0,59.0,0.0,0.0,0.0,59.0,0.0,0.0,0.0,0.0,0.0,0.0,0.0,0.0,59.0,59.0,0.0,0.0,0.0,0.0,0.0,0.0,0.0,0.0,0.0,0.0,0.0,0.0,0.0,0.0,0.0,0.0,0.0,0.0,0.0,0.0,0.0,0.0,0.0,0.0,0.0,0.0,0.0,0.0,0.0,0.0,0.0,0.0,0.0,0.0,0.0,0.0,0.0,0.0,59.0,59.0,0.0,0.0,0.0,47.0,0.0,0.0,47.0,0.0,0.0,0.0,0.0,23.0,0.0,0.0,0.0,0.0,00:06:31:59,100.0,900.0
Sep 25 2023 - 00:45:00,Sep 25 2023 - 01:00:00,DL5037,50371,10.28.73.26,MNG-KNVVB01,0.0,0.0,0.0,0.0,0.0,0.0,0.0,0.0,0.0,0.0,0.0,0.0,57.0,0.0,0.0,0.0,0.0,0.0,0.0,0.0,100.0,57.0,57.0,0.0,0.0,0.0,57.0,0.0,0.0,0.0,0.0,0.0,0.0,0.0,0.0,57.0,57.0,0.0,0.0,0.0,0.0,0.0,0.0,0.0,0.0,0.0,0.0,0.0,0.0,0.0,0.0,0.0,0.0,0.0,0.0,0.0,0.0,0.0,0.0,0.0,0.0,0.0,0.0,0.0,0.0,0.0,0.0,0.0,0.0,0.0,0.0,0.0,0.0,0.0,0.0,57.0,57.0,0.0,0.0,0.0,19.0,0.0,0.0,19.0,0.0,0.0,0.0,0.0,18.0,0.0,0.0,0.0,0.0,00:06:46:59,100.0,900.0
Sep 25 2023 - 01:00:00,Sep 25 2023 - 01:15:00,DL5037,50371,10.28.73.26,MNG-KNVVB01,100.0,1.0,1.0,100.0,1.0,1.0,0.0,0.0,0.0,0.0,0.0,0.0,78.0,0.0,0.0,0.0,1.0,0.0,0.0,1.0,99.0,78.0,79.0,0.0,0.0,0.0,79.0,0.0,0.0,0.0,1.0,0.0,0.0,1.0,1.0,79.0,78.0,0.0,0.0,0.0,0.0,0.0,0.0,0.0,0.0,0.0,0.0,13.0,0.0,1.0,15.0,0.0,0.0,0.0,0.0,0.0,0.0,0.0,26.0,0.0,0.0,0.0,0.0,0.0,0.0,1.0,96.0,96.0,0.0,0.0,0.0,0.0,0.0,0.0,0.0,79.0,78.0,0.0,0.0,0.0,8.0,0.0,0.0,8.0,0.0,0.0,0.0,0.0,21.0,1.0,0.0,0.0,0.0,00:07:01:59,100.0,899.0
Sep 25 2023 - 01:15:00,Sep 25 2023 - 01:30:00,DL5037,50371,10.28.73.26,MNG-KNVVB01,0.0,0.0,0.0,0.0,0.0,0.0,0.0,0.0,0.0,0.0,0.0,0.0,60.0,0.0,0.0,0.0,0.0,0.0,0.0,0.0,100.0,60.0,60.0,0.0,0.0,0.0,60.0,0.0,0.0,0.0,0.0,0.0,0.0,0.0,0.0,60.0,60.0,0.0,0.0,0.0,0.0,0.0,0.0,0.0,0.0,0.0,0.0,0.0,0.0,0.0,0.0,0.0,0.0,0.0,0.0,0.0,0.0,0.0,0.0,0.0,0.0,0.0,0.0,0.0,0.0,0.0,0.0,0.0,0.0,0.0,0.0,0.0,0.0,0.0,0.0,60.0,60.0,0.0,0.0,0.0,40.0,0.0,0.0,40.0,0.0,0.0,0.0,0.0,16.0,0.0,0.0,0.0,0.0,00:07:17:00,100.0,901.0
Sep 25 2023 - 01:30:00,Sep 25 2023 - 01:45:00,DL5037,50371,10.28.73.26,MNG-KNVVB01,0.0,0.0,0.0,0.0,0.0,0.0,0.0,0.0,0.0,0.0,0.0,0.0,53.0,0.0,0.0,0.0,0.0,0.0,0.0,0.0,100.0,53.0,53.0,0.0,0.0,0.0,53.0,0.0,0.0,0.0,0.0,0.0,0.0,0.0,0.0,53.0,53.0,0.0,0.0,0.0,0.0,0.0,0.0,0.0,0.0,0.0,0.0,0.0,0.0,0.0,0.0,0.0,0.0,0.0,0.0,0.0,0.0,0.0,0.0,0.0,0.0,0.0,0.0,0.0,0.0,0.0,0.0,0.0,0.0,0.0,0.0,0.0,0.0,0.0,0.0,53.0,53.0,0.0,0.0,0.0,12.0,0.0,0.0,12.0,0.0,0.0,0.0,0.0,23.0,0.0,0.0,0.0,0.0,00:07:32:00,100.0,900.0
Sep 25 2023 - 01:45:00,Sep 25 2023 - 02:00:00,DL5037,50371,10.28.73.26,MNG-KNVVB01,0.0,0.0,0.0,0.0,0.0,0.0,0.0,0.0,0.0,0.0,0.0,0.0,52.0,0.0,0.0,0.0,0.0,0.0,0.0,0.0,98.0,52.0,53.0,0.0,0.0,0.0,53.0,0.0,0.0,0.0,0.0,0.0,0.0,0.0,0.0,53.0,52.0,0.0,0.0,0.0,0.0,0.0,0.0,0.0,0.0,0.0,0.0,0.0,0.0,0.0,0.0,0.0,0.0,0.0,0.0,0.0,0.0,0.0,0.0,0.0,0.0,0.0,0.0,0.0,0.0,0.0,0.0,0.0,0.0,0.0,0.0,0.0,0.0,0.0,0.0,53.0,52.0,0.0,0.0,0.0,27.0,0.0,0.0,27.0,0.0,0.0,0.0,0.0,21.0,0.0,0.0,0.0,0.0,00:07:47:00,100.0,900.0
Sep 25 2023 - 02:00:00,Sep 25 2023 - 02:15:00,DL5037,50371,10.28.73.26,MNG-KNVVB01,0.0,0.0,0.0,0.0,0.0,0.0,0.0,0.0,0.0,0.0,0.0,0.0,61.0,0.0,0.0,0.0,0.0,0.0,0.0,0.0,100.0,61.0,61.0,0.0,0.0,0.0,61.0,0.0,0.0,0.0,0.0,0.0,0.0,0.0,0.0,61.0,61.0,0.0,0.0,0.0,0.0,0.0,0.0,0.0,0.0,0.0,0.0,0.0,0.0,0.0,0.0,0.0,0.0,0.0,0.0,0.0,0.0,0.0,0.0,0.0,0.0,0.0,0.0,0.0,0.0,0.0,0.0,0.0,0.0,0.0,0.0,0.0,0.0,0.0,0.0,61.0,61.0,0.0,0.0,0.0,13.0,0.0,0.0,13.0,0.0,0.0,0.0,0.0,18.0,0.0,0.0,0.0,0.0,00:08:02:00,100.0,900.0
Sep 25 2023 - 02:15:00,Sep 25 2023 - 02:30:00,DL5037,50371,10.28.73.26,MNG-KNVVB01,0.0,0.0,0.0,0.0,0.0,0.0,0.0,0.0,1.0,1.0,2.0,1.0,50.0,0.0,0.0,0.0,0.0,0.0,0.0,0.0,93.0,50.0,54.0,0.0,0.0,0.0,54.0,0.0,0.0,0.0,0.0,0.0,0.0,0.0,0.0,54.0,50.0,0.0,0.0,0.0,0.0,0.0,0.0,0.0,0.0,0.0,0.0,0.0,0.0,0.0,0.0,0.0,0.0,0.0,0.0,0.0,0.0,0.0,0.0,0.0,0.0,0.0,0.0,0.0,0.0,0.0,0.0,0.0,0.0,0.0,1.0,0.0,0.0,0.0,0.0,54.0,50.0,0.0,0.0,0.0,7.0,0.0,0.0,7.0,0.0,0.0,0.0,0.0,18.0,0.0,0.0,0.0,0.0,00:08:16:59,100.0,899.0
Sep 25 2023 - 02:30:00,Sep 25 2023 - 02:45:00,DL5037,50371,10.28.73.26,MNG-KNVVB01,0.0,0.0,0.0,0.0,0.0,0.0,0.0,0.0,0.0,0.0,0.0,0.0,72.0,0.0,0.0,0.0,0.0,0.0,0.0,0.0,99.0,72.0,73.0,0.0,0.0,0.0,73.0,0.0,0.0,0.0,0.0,0.0,0.0,0.0,0.0,73.0,72.0,0.0,0.0,0.0,0.0,0.0,0.0,0.0,0.0,0.0,0.0,0.0,0.0,0.0,0.0,0.0,0.0,0.0,0.0,0.0,0.0,0.0,0.0,0.0,0.0,0.0,0.0,0.0,0.0,0.0,0.0,0.0,0.0,0.0,0.0,0.0,0.0,0.0,0.0,73.0,72.0,0.0,0.0,0.0,36.0,0.0,0.0,36.0,0.0,0.0,0.0,0.0,24.0,0.0,0.0,0.0,0.0,00:08:32:00,100.0,901.0
Sep 25 2023 - 02:45:00,Sep 25 2023 - 03:00:00,DL5037,50371,10.28.73.26,MNG-KNVVB01,0.0,0.0,0.0,0.0,0.0,0.0,0.0,0.0,0.0,0.0,0.0,0.0,55.0,0.0,0.0,0.0,0.0,0.0,0.0,0.0,86.0,55.0,64.0,0.0,0.0,0.0,64.0,0.0,0.0,0.0,0.0,0.0,0.0,0.0,0.0,64.0,55.0,0.0,0.0,0.0,0.0,0.0,0.0,0.0,0.0,0.0,0.0,0.0,0.0,0.0,0.0,0.0,0.0,0.0,0.0,0.0,0.0,0.0,0.0,0.0,0.0,0.0,0.0,0.0,0.0,0.0,0.0,0.0,0.0,0.0,0.0,0.0,0.0,0.0,0.0,64.0,55.0,0.0,0.0,0.0,24.0,0.0,0.0,24.0,0.0,0.0,0.0,0.0,27.0,0.0,0.0,0.0,0.0,00:08:47:00,100.0,900.0
Sep 25 2023 - 03:00:00,Sep 25 2023 - 03:15:00,DL5037,50371,10.28.73.26,MNG-KNVVB01,0.0,0.0,0.0,0.0,0.0,0.0,0.0,0.0,0.0,0.0,0.0,0.0,74.0,0.0,0.0,0.0,0.0,0.0,0.0,0.0,100.0,74.0,74.0,0.0,0.0,0.0,74.0,0.0,0.0,0.0,0.0,0.0,0.0,0.0,0.0,74.0,74.0,0.0,0.0,0.0,0.0,0.0,0.0,0.0,0.0,0.0,0.0,0.0,0.0,0.0,0.0,0.0,0.0,0.0,0.0,0.0,0.0,0.0,0.0,0.0,0.0,0.0,0.0,0.0,0.0,0.0,0.0,0.0,0.0,0.0,0.0,0.0,0.0,0.0,0.0,74.0,74.0,0.0,0.0,0.0,33.0,0.0,0.0,33.0,0.0,0.0,0.0,0.0,19.0,0.0,0.0,0.0,0.0,00:09:02:00,100.0,900.0
Sep 25 2023 - 03:15:00,Sep 25 2023 - 03:30:00,DL5037,50371,10.28.73.26,MNG-KNVVB01,0.0,0.0,0.0,0.0,0.0,0.0,0.0,0.0,0.0,0.0,0.0,0.0,44.0,0.0,0.0,0.0,0.0,0.0,0.0,0.0,100.0,44.0,44.0,0.0,0.0,0.0,44.0,0.0,0.0,0.0,0.0,0.0,0.0,0.0,0.0,44.0,44.0,0.0,0.0,0.0,0.0,0.0,0.0,0.0,0.0,0.0,0.0,0.0,0.0,0.0,0.0,0.0,0.0,0.0,0.0,0.0,0.0,0.0,0.0,0.0,0.0,0.0,0.0,0.0,0.0,0.0,0.0,0.0,0.0,0.0,0.0,0.0,0.0,0.0,0.0,44.0,44.0,0.0,0.0,0.0,37.0,0.0,0.0,37.0,0.0,0.0,0.0,0.0,17.0,0.0,0.0,0.0,0.0,00:09:16:59,100.0,899.0
Sep 25 2023 - 03:30:00,Sep 25 2023 - 03:45:00,DL5037,50371,10.28.73.26,MNG-KNVVB01,0.0,0.0,0.0,0.0,0.0,0.0,0.0,0.0,0.0,0.0,0.0,0.0,59.0,0.0,0.0,0.0,0.0,0.0,0.0,0.0,100.0,59.0,59.0,0.0,0.0,0.0,59.0,0.0,0.0,0.0,0.0,0.0,0.0,0.0,0.0,59.0,59.0,0.0,0.0,0.0,0.0,0.0,0.0,0.0,0.0,0.0,0.0,0.0,0.0,0.0,0.0,0.0,0.0,0.0,0.0,0.0,0.0,0.0,0.0,0.0,0.0,0.0,0.0,0.0,0.0,0.0,0.0,0.0,0.0,0.0,0.0,0.0,0.0,0.0,0.0,59.0,59.0,0.0,0.0,0.0,17.0,0.0,0.0,17.0,0.0,0.0,0.0,0.0,22.0,0.0,0.0,0.0,0.0,00:09:32:00,100.0,900.0
Sep 25 2023 - 03:45:00,Sep 25 2023 - 04:00:00,DL5037,50371,10.28.73.26,MNG-KNVVB01,100.0,3.0,3.0,100.0,3.0,3.0,0.02,0.0,0.0,0.0,0.0,0.0,67.0,0.0,0.0,0.0,3.0,0.0,0.0,3.0,100.0,67.0,67.0,0.0,0.0,0.0,67.0,0.0,0.0,0.0,3.0,0.0,0.0,3.0,3.0,67.0,67.0,0.0,0.0,0.0,0.0,0.0,0.0,0.0,0.0,0.0,1.0,28.0,1.0,3.0,164.0,4.0,2.0,2.0,0.0,0.0,0.0,0.0,174.0,0.0,0.0,0.0,0.0,0.0,1.0,3.0,98.0,98.0,0.0,0.0,0.0,0.0,0.0,0.0,0.0,67.0,67.0,0.0,0.0,0.0,14.0,0.0,0.0,14.0,0.0,0.0,0.0,0.0,32.0,3.0,0.0,0.0,0.0,00:09:47:00,100.0,900.0
Sep 25 2023 - 04:00:00,Sep 25 2023 - 04:15:00,DL5037,50371,10.28.73.26,MNG-KNVVB01,100.0,5.0,5.0,100.0,5.0,5.0,0.04,0.0,0.0,0.0,0.0,0.0,94.0,0.0,0.0,0.0,5.0,0.0,0.0,5.0,100.0,94.0,94.0,0.0,0.0,0.0,94.0,0.0,0.0,0.0,5.0,0.0,0.0,5.0,5.0,94.0,94.0,0.0,0.0,0.0,0.0,0.0,0.0,0.0,0.0,0.0,3.0,31.0,3.0,5.0,275.0,1.0,10.0,5.0,0.0,0.0,0.0,0.0,252.0,0.0,0.0,0.0,0.0,0.0,40.0,11.0,83.0,83.0,0.0,0.0,0.0,0.0,0.0,0.0,0.0,94.0,94.0,0.0,0.0,0.0,39.0,0.0,0.0,39.0,0.0,0.0,0.0,0.0,39.0,5.0,0.0,0.0,0.0,00:10:01:59,100.0,899.0
Sep 25 2023 - 04:15:00,Sep 25 2023 - 04:30:00,DL5037,50371,10.28.73.26,MNG-KNVVB01,100.0,8.0,8.0,88.0,7.0,8.0,0.11,0.0,1.0,0.0,0.0,0.0,75.0,1.0,13.0,1.0,8.0,13.0,1.0,8.0,100.0,75.0,75.0,0.0,0.0,0.0,75.0,0.0,0.0,0.0,8.0,0.0,0.0,8.0,8.0,75.0,75.0,0.0,0.0,0.0,0.0,0.0,0.0,0.0,0.0,0.0,7.0,45.0,7.0,8.0,750.0,19.0,43.0,22.0,4.0,2.0,0.0,0.0,631.0,0.0,0.0,0.0,0.0,3.0,155.0,70.0,74.0,74.0,0.0,0.0,0.0,1.0,0.0,0.0,0.0,75.0,75.0,0.0,0.0,0.0,55.0,0.0,0.0,55.0,0.0,0.0,0.0,0.0,22.0,8.0,0.0,0.0,0.0,00:10:16:59,100.0,900.0
Sep 25 2023 - 04:30:00,Sep 25 2023 - 04:45:00,DL5037,50371,10.28.73.26,MNG-KNVVB01,100.0,4.0,4.0,100.0,4.0,4.0,0.02,0.0,0.0,0.0,0.0,0.0,73.0,0.0,0.0,0.0,4.0,0.0,0.0,4.0,100.0,73.0,73.0,0.0,0.0,0.0,73.0,0.0,0.0,0.0,4.0,0.0,0.0,4.0,4.0,73.0,73.0,0.0,0.0,0.0,0.0,0.0,0.0,0.0,0.0,0.0,1.0,17.0,1.0,4.0,115.0,2.0,4.0,5.0,1.0,5.0,0.0,0.0,138.0,0.0,0.0,0.0,0.0,0.0,0.0,5.0,97.0,97.0,0.0,0.0,0.0,0.0,0.0,0.0,0.0,73.0,73.0,0.0,0.0,0.0,28.0,0.0,0.0,28.0,0.0,0.0,0.0,0.0,19.0,4.0,0.0,0.0,0.0,00:10:32:00,100.0,901.0
Sep 25 2023 - 04:45:00,Sep 25 2023 - 05:00:00,DL5037,50371,10.28.73.26,MNG-KNVVB01,100.0,4.0,4.0,75.0,3.0,4.0,0.02,0.0,1.0,0.0,0.0,0.0,83.0,1.0,25.0,1.0,4.0,25.0,1.0,4.0,99.0,83.0,84.0,0.0,0.0,0.0,84.0,0.0,0.0,0.0,4.0,0.0,0.0,4.0,4.0,84.0,83.0,0.0,0.0,0.0,0.0,0.0,0.0,0.0,0.0,0.0,1.0,21.0,1.0,4.0,142.0,0.0,15.0,7.0,2.0,0.0,0.0,1.0,166.0,0.0,0.0,0.0,0.0,0.0,3.0,7.0,94.0,94.0,0.0,0.0,0.0,1.0,0.0,0.0,0.0,84.0,83.0,0.0,0.0,0.0,51.0,0.0,0.0,51.0,0.0,0.0,0.0,0.0,30.0,4.0,0.0,0.0,0.0,00:10:47:00,100.0,900.0
Sep 25 2023 - 05:00:00,Sep 25 2023 - 05:15:00,DL5037,50371,10.28.73.26,MNG-KNVVB01,100.0,10.0,10.0,90.0,9.0,10.0,0.08,0.0,1.0,0.0,0.0,0.0,107.0,1.0,10.0,1.0,10.0,10.0,1.0,10.0,99.0,107.0,108.0,0.0,0.0,0.0,108.0,0.0,0.0,0.0,10.0,0.0,0.0,10.0,10.0,108.0,107.0,0.0,0.0,0.0,0.0,0.0,0.0,0.0,0.0,0.0,5.0,29.0,5.0,10.0,469.0,18.0,31.0,24.0,12.0,10.0,3.0,5.0,581.0,3.0,1.0,0.0,0.0,0.0,1.0,11.0,98.0,98.0,0.0,0.0,0.0,1.0,0.0,0.0,0.0,108.0,107.0,0.0,0.0,0.0,158.0,0.0,0.0,158.0,0.0,0.0,0.0,0.0,31.0,10.0,0.0,0.0,0.0,00:11:01:59,100.0,900.0
Sep 25 2023 - 05:15:00,Sep 25 2023 - 05:30:00,DL5037,50371,10.28.73.26,MNG-KNVVB01,100.0,22.0,22.0,95.0,21.0,22.0,0.42,0.0,1.0,0.0,0.0,0.0,99.0,1.0,5.0,1.0,22.0,5.0,1.0,22.0,99.0,99.0,100.0,0.0,0.0,0.0,100.0,0.0,0.0,0.0,22.0,0.0,0.0,22.0,22.0,100.0,99.0,0.0,0.0,0.0,0.0,0.0,0.0,0.0,0.0,0.0,25.0,66.0,25.0,22.0,2606.0,53.0,124.0,115.0,37.0,10.0,9.0,4.0,2999.0,1.0,0.0,0.0,3.0,15.0,25.0,32.0,98.0,98.0,0.0,0.0,0.0,1.0,0.0,0.0,0.0,100.0,99.0,0.0,0.0,0.0,180.0,0.0,0.0,180.0,0.0,0.0,0.0,0.0,29.0,22.0,0.0,0.0,0.0,00:11:16:59,100.0,899.0
Sep 25 2023 - 05:30:00,Sep 25 2023 - 05:45:00,DL5037,50371,10.28.73.26,MNG-KNVVB01,100.0,33.0,33.0,100.0,33.0,33.0,0.74,0.0,0.0,0.0,0.0,0.0,122.0,0.0,0.0,0.0,33.0,0.0,0.0,33.0,98.0,122.0,124.0,0.0,0.0,0.0,124.0,0.0,0.0,0.0,33.0,0.0,0.0,33.0,33.0,124.0,122.0,0.0,0.0,0.0,0.0,0.0,0.0,0.0,0.0,0.0,44.0,72.0,44.0,33.0,4262.0,157.0,332.0,325.0,104.0,29.0,6.0,2.0,5404.0,9.0,5.0,1.0,7.0,34.0,58.0,55.0,98.0,98.0,0.0,0.0,0.0,0.0,0.0,0.0,0.0,124.0,122.0,0.0,0.0,0.0,191.0,0.0,0.0,191.0,0.0,0.0,0.0,0.0,28.0,33.0,0.0,0.0,0.0,00:11:31:59,100.0,900.0
Sep 25 2023 - 05:45:00,Sep 25 2023 - 06:00:00,DL5037,50371,10.28.73.26,MNG-KNVVB01,98.0,42.0,43.0,98.0,41.0,42.0,0.55,0.0,1.0,0.0,0.0,0.0,133.0,1.0,2.0,1.0,42.0,2.0,1.0,42.0,100.0,133.0,133.0,0.0,0.0,0.0,133.0,0.0,0.0,0.0,43.0,0.0,0.0,43.0,42.0,133.0,133.0,0.0,0.0,0.0,0.0,0.0,0.0,0.0,0.0,0.0,33.0,45.0,33.0,42.0,3337.0,89.0,215.0,154.0,45.0,12.0,3.0,1.0,4003.0,2.0,2.0,2.0,3.0,10.0,29.0,57.0,98.0,98.0,0.0,0.0,0.0,1.0,0.0,0.0,0.0,133.0,133.0,0.0,0.0,0.0,266.0,0.0,0.0,266.0,0.0,0.0,0.0,0.0,36.0,42.0,0.0,0.0,0.0,00:11:46:59,100.0,900.0
Sep 25 2023 - 06:00:00,Sep 25 2023 - 06:15:00,DL5037,50371,10.28.73.26,MNG-KNVVB01,100.0,33.0,33.0,94.0,31.0,33.0,0.45,0.0,2.0,0.0,0.0,0.0,165.0,2.0,6.0,2.0,33.0,6.0,2.0,33.0,98.0,165.0,168.0,0.0,0.0,0.0,168.0,0.0,0.0,0.0,33.0,0.0,0.0,33.0,33.0,168.0,165.0,0.0,0.0,0.0,0.0,0.0,0.0,0.0,0.0,0.0,27.0,45.0,27.0,33.0,2905.0,39.0,144.0,86.0,26.0,8.0,0.0,0.0,3203.0,0.0,1.0,0.0,1.0,8.0,46.0,63.0,97.0,97.0,0.0,0.0,0.0,2.0,0.0,0.0,0.0,168.0,165.0,0.0,0.0,0.0,296.0,0.0,0.0,296.0,0.0,0.0,0.0,0.0,43.0,33.0,0.0,0.0,0.0,00:12:02:00,100.0,901.0
Sep 25 2023 - 06:15:00,Sep 25 2023 - 06:30:00,DL5037,50371,10.28.73.26,MNG-KNVVB01,100.0,56.0,56.0,95.0,53.0,56.0,0.75,0.0,3.0,0.0,0.0,0.0,133.0,3.0,5.0,3.0,56.0,5.0,3.0,56.0,97.0,133.0,137.0,0.0,0.0,0.0,137.0,0.0,0.0,0.0,56.0,0.0,0.0,56.0,56.0,137.0,133.0,0.0,0.0,0.0,0.0,0.0,0.0,0.0,0.0,0.0,45.0,44.0,45.0,56.0,4371.0,129.0,350.0,300.0,95.0,23.0,3.0,2.0,5498.0,10.0,1.0,6.0,3.0,24.0,38.0,77.0,98.0,98.0,0.0,0.0,0.0,3.0,0.0,0.0,0.0,137.0,133.0,0.0,0.0,0.0,533.0,0.0,0.0,533.0,0.0,0.0,0.0,0.0,32.0,56.0,0.0,0.0,0.0,00:12:17:00,100.0,900.0
Sep 25 2023 - 06:30:00,Sep 25 2023 - 06:45:00,DL5037,50371,10.28.73.26,MNG-KNVVB01,100.0,76.0,76.0,99.0,75.0,76.0,0.93,0.0,1.0,0.0,0.0,0.0,225.0,1.0,1.0,1.0,76.0,1.0,1.0,76.0,92.0,225.0,244.0,0.0,0.0,0.0,244.0,0.0,0.0,0.0,76.0,0.0,0.0,76.0,76.0,244.0,225.0,0.0,0.0,0.0,0.0,0.0,0.0,0.0,0.0,0.0,56.0,42.0,56.0,76.0,5688.0,145.0,334.0,266.0,71.0,32.0,15.0,2.0,6731.0,9.0,2.0,0.0,7.0,34.0,85.0,100.0,97.0,97.0,0.0,0.0,0.0,1.0,0.0,0.0,0.0,244.0,225.0,0.0,0.0,0.0,471.0,0.0,0.0,471.0,0.0,0.0,0.0,0.0,47.0,76.0,0.0,0.0,0.0,00:12:32:00,100.0,900.0
Sep 25 2023 - 06:45:00,Sep 25 2023 - 07:00:00,DL5037,50371,10.28.73.26,MNG-KNVVB01,98.0,56.0,57.0,96.0,54.0,56.0,0.63,0.0,2.0,0.0,0.0,0.0,154.0,2.0,4.0,2.0,56.0,4.0,2.0,56.0,99.0,154.0,156.0,0.0,0.0,0.0,156.0,0.0,0.0,0.0,57.0,0.0,0.0,57.0,56.0,156.0,154.0,0.0,0.0,0.0,0.0,0.0,0.0,0.0,0.0,0.0,38.0,36.0,38.0,56.0,3914.0,89.0,193.0,128.0,52.0,38.0,17.0,10.0,4364.0,14.0,10.0,12.0,8.0,36.0,199.0,117.0,93.0,93.0,0.0,0.0,0.0,2.0,0.0,0.0,0.0,156.0,154.0,0.0,0.0,0.0,412.0,0.0,0.0,412.0,0.0,0.0,0.0,0.0,30.0,56.0,0.0,0.0,0.0,00:12:46:59,100.0,899.0
Sep 25 2023 - 07:00:00,Sep 25 2023 - 07:15:00,DL5037,50371,10.28.73.26,MNG-KNVVB01,100.0,48.0,48.0,100.0,48.0,48.0,0.65,0.0,0.0,0.0,0.0,0.0,137.0,0.0,0.0,0.0,48.0,0.0,0.0,48.0,95.0,137.0,144.0,0.0,0.0,0.0,144.0,0.0,0.0,0.0,48.0,0.0,0.0,48.0,48.0,144.0,137.0,0.0,0.0,0.0,0.0,0.0,0.0,0.0,0.0,0.0,39.0,47.0,39.0,48.0,4155.0,98.0,212.0,160.0,40.0,17.0,4.0,0.0,4699.0,0.0,2.0,3.0,1.0,17.0,96.0,88.0,96.0,96.0,0.0,0.0,0.0,0.0,0.0,0.0,0.0,144.0,137.0,0.0,0.0,0.0,556.0,0.0,0.0,556.0,0.0,0.0,0.0,0.0,28.0,48.0,0.0,0.0,0.0,00:13:01:59,100.0,900.0
Sep 25 2023 - 00:00:00,Sep 25 2023 - 00:15:00,ED4859,48591,10.28.73.18,MNG-KNVVB01,100.0,8.0,8.0,88.0,7.0,8.0,0.1,0.0,1.0,0.0,0.0,0.0,62.0,1.0,13.0,1.0,8.0,13.0,1.0,8.0,98.0,62.0,63.0,0.0,0.0,0.0,63.0,0.0,0.0,0.0,8.0,0.0,0.0,8.0,8.0,63.0,62.0,0.0,0.0,0.0,0.0,0.0,0.0,0.0,0.0,0.0,6.0,41.0,6.0,8.0,724.0,17.0,30.0,4.0,0.0,0.0,0.0,0.0,783.0,0.0,0.0,0.0,0.0,1.0,0.0,9.0,99.0,99.0,0.0,0.0,0.0,1.0,0.0,0.0,0.0,63.0,62.0,0.0,0.0,0.0,47.0,0.0,0.0,47.0,0.0,0.0,0.0,0.0,20.0,8.0,0.0,0.0,0.0,00:09:50:08,100.0,900.0
Sep 25 2023 - 00:15:00,Sep 25 2023 - 00:30:00,ED4859,48591,10.28.73.18,MNG-KNVVB01,100.0,3.0,3.0,67.0,2.0,3.0,0.01,0.0,1.0,0.0,0.0,0.0,50.0,1.0,33.0,1.0,3.0,33.0,1.0,3.0,100.0,50.0,50.0,0.0,0.0,0.0,50.0,0.0,0.0,0.0,3.0,0.0,0.0,3.0,3.0,50.0,50.0,0.0,0.0,0.0,0.0,0.0,0.0,0.0,0.0,0.0,1.0,16.0,1.0,3.0,42.0,0.0,1.0,3.0,11.0,14.0,11.0,3.0,99.0,2.0,0.0,0.0,0.0,0.0,0.0,2.0,98.0,98.0,0.0,0.0,0.0,1.0,0.0,0.0,0.0,50.0,50.0,0.0,0.0,0.0,38.0,0.0,0.0,38.0,0.0,0.0,0.0,0.0,16.0,3.0,0.0,0.0,0.0,00:10:05:08,100.0,900.0
Sep 25 2023 - 00:30:00,Sep 25 2023 - 00:45:00,ED4859,48591,10.28.73.18,MNG-KNVVB01,100.0,4.0,4.0,100.0,4.0,4.0,0.02,0.0,0.0,0.0,0.0,0.0,77.0,0.0,0.0,0.0,4.0,0.0,0.0,4.0,100.0,77.0,77.0,0.0,0.0,0.0,77.0,0.0,0.0,0.0,4.0,0.0,0.0,4.0,4.0,77.0,77.0,0.0,0.0,0.0,0.0,0.0,0.0,0.0,0.0,0.0,1.0,20.0,1.0,4.0,140.0,1.0,8.0,3.0,1.0,0.0,0.0,0.0,156.0,0.0,0.0,0.0,0.0,1.0,0.0,6.0,96.0,96.0,0.0,0.0,0.0,0.0,0.0,0.0,0.0,77.0,77.0,0.0,0.0,0.0,47.0,0.0,0.0,47.0,0.0,0.0,0.0,0.0,35.0,4.0,0.0,0.0,0.0,00:10:20:08,100.0,900.0
Sep 25 2023 - 00:45:00,Sep 25 2023 - 01:00:00,ED4859,48591,10.28.73.18,MNG-KNVVB01,100.0,1.0,1.0,100.0,1.0,1.0,0.01,0.0,0.0,0.0,0.0,0.0,59.0,0.0,0.0,0.0,1.0,0.0,0.0,1.0,98.0,59.0,60.0,0.0,0.0,0.0,60.0,0.0,0.0,0.0,1.0,0.0,0.0,1.0,1.0,60.0,59.0,0.0,0.0,0.0,0.0,0.0,0.0,0.0,0.0,0.0,1.0,42.0,1.0,1.0,81.0,0.0,2.0,2.0,0.0,0.0,0.0,0.0,87.0,0.0,0.0,0.0,0.0,0.0,0.0,0.0,100.0,100.0,0.0,0.0,0.0,0.0,0.0,0.0,0.0,60.0,59.0,0.0,0.0,0.0,19.0,0.0,0.0,19.0,0.0,0.0,0.0,0.0,35.0,1.0,0.0,0.0,0.0,00:10:35:08,100.0,900.0
Sep 25 2023 - 01:00:00,Sep 25 2023 - 01:15:00,ED4859,48591,10.28.73.18,MNG-KNVVB01,100.0,1.0,1.0,0.0,0.0,1.0,0.02,0.0,1.0,0.0,0.0,0.0,52.0,1.0,100.0,1.0,1.0,100.0,1.0,1.0,100.0,52.0,52.0,0.0,0.0,0.0,52.0,0.0,0.0,0.0,1.0,0.0,0.0,1.0,1.0,52.0,52.0,0.0,0.0,0.0,0.0,0.0,0.0,0.0,0.0,0.0,1.0,59.0,1.0,1.0,106.0,1.0,7.0,2.0,0.0,0.0,0.0,0.0,116.0,0.0,0.0,0.0,0.0,1.0,1.0,1.0,98.0,98.0,0.0,0.0,0.0,1.0,0.0,0.0,0.0,52.0,52.0,0.0,0.0,0.0,8.0,0.0,0.0,8.0,0.0,0.0,0.0,0.0,25.0,1.0,0.0,0.0,0.0,00:10:50:07,100.0,899.0
Sep 25 2023 - 01:15:00,Sep 25 2023 - 01:30:00,ED4859,48591,10.28.73.18,MNG-KNVVB01,100.0,3.0,3.0,100.0,3.0,3.0,0.01,0.0,0.0,0.0,0.0,0.0,46.0,0.0,0.0,0.0,3.0,0.0,0.0,3.0,100.0,46.0,46.0,0.0,0.0,0.0,46.0,0.0,0.0,0.0,3.0,0.0,0.0,3.0,3.0,46.0,46.0,0.0,0.0,0.0,0.0,0.0,0.0,0.0,0.0,0.0,1.0,13.0,1.0,3.0,95.0,2.0,3.0,3.0,0.0,0.0,0.0,0.0,105.0,0.0,0.0,0.0,0.0,0.0,0.0,4.0,96.0,96.0,0.0,0.0,0.0,0.0,0.0,0.0,0.0,46.0,46.0,0.0,0.0,0.0,40.0,0.0,0.0,40.0,0.0,0.0,0.0,0.0,24.0,3.0,0.0,0.0,0.0,00:11:05:08,100.0,901.0
Sep 25 2023 - 01:30:00,Sep 25 2023 - 01:45:00,ED4859,48591,10.28.73.18,MNG-KNVVB01,0.0,0.0,0.0,0.0,0.0,0.0,0.0,0.0,0.0,0.0,0.0,0.0,68.0,0.0,0.0,0.0,0.0,0.0,0.0,0.0,100.0,68.0,68.0,0.0,0.0,0.0,68.0,0.0,0.0,0.0,0.0,0.0,0.0,0.0,0.0,68.0,68.0,0.0,0.0,0.0,0.0,0.0,0.0,0.0,0.0,0.0,0.0,0.0,0.0,0.0,0.0,0.0,0.0,0.0,0.0,0.0,0.0,0.0,0.0,0.0,0.0,0.0,0.0,0.0,0.0,0.0,0.0,0.0,0.0,0.0,0.0,0.0,0.0,0.0,0.0,68.0,68.0,0.0,0.0,0.0,12.0,0.0,0.0,12.0,0.0,0.0,0.0,0.0,30.0,0.0,0.0,0.0,0.0,00:11:20:08,100.0,900.0
Sep 25 2023 - 01:45:00,Sep 25 2023 - 02:00:00,ED4859,48591,10.28.73.18,MNG-KNVVB01,0.0,0.0,0.0,0.0,0.0,0.0,0.0,0.0,0.0,0.0,0.0,0.0,60.0,0.0,0.0,0.0,0.0,0.0,0.0,0.0,100.0,60.0,60.0,0.0,0.0,0.0,60.0,0.0,0.0,0.0,0.0,0.0,0.0,0.0,0.0,60.0,60.0,0.0,0.0,0.0,0.0,0.0,0.0,0.0,0.0,0.0,0.0,0.0,0.0,0.0,0.0,0.0,0.0,0.0,0.0,0.0,0.0,0.0,0.0,0.0,0.0,0.0,0.0,0.0,0.0,0.0,0.0,0.0,0.0,0.0,0.0,0.0,0.0,0.0,0.0,60.0,60.0,0.0,0.0,0.0,27.0,0.0,0.0,27.0,0.0,0.0,0.0,0.0,22.0,0.0,0.0,0.0,0.0,00:11:35:08,100.0,900.0
Sep 25 2023 - 02:00:00,Sep 25 2023 - 02:15:00,ED4859,48591,10.28.73.18,MNG-KNVVB01,100.0,1.0,1.0,100.0,1.0,1.0,0.0,0.0,0.0,0.0,0.0,0.0,51.0,0.0,0.0,0.0,1.0,0.0,0.0,1.0,100.0,51.0,51.0,0.0,0.0,0.0,51.0,0.0,0.0,0.0,1.0,0.0,0.0,1.0,1.0,51.0,51.0,0.0,0.0,0.0,0.0,0.0,0.0,0.0,0.0,0.0,0.0,13.0,0.0,1.0,25.0,0.0,1.0,0.0,0.0,0.0,0.0,0.0,28.0,0.0,0.0,0.0,0.0,0.0,0.0,0.0,100.0,100.0,0.0,0.0,0.0,0.0,0.0,0.0,0.0,51.0,51.0,0.0,0.0,0.0,13.0,0.0,0.0,13.0,0.0,0.0,0.0,0.0,21.0,1.0,0.0,0.0,0.0,00:11:50:08,100.0,900.0
Sep 25 2023 - 02:15:00,Sep 25 2023 - 02:30:00,ED4859,48591,10.28.73.18,MNG-KNVVB01,0.0,0.0,0.0,0.0,0.0,0.0,0.0,0.0,0.0,0.0,0.0,0.0,50.0,0.0,0.0,0.0,0.0,0.0,0.0,0.0,100.0,50.0,50.0,0.0,0.0,0.0,50.0,0.0,0.0,0.0,0.0,0.0,0.0,0.0,0.0,50.0,50.0,0.0,0.0,0.0,0.0,0.0,0.0,0.0,0.0,0.0,0.0,0.0,0.0,0.0,0.0,0.0,0.0,0.0,0.0,0.0,0.0,0.0,0.0,0.0,0.0,0.0,0.0,0.0,0.0,0.0,0.0,0.0,0.0,0.0,0.0,0.0,0.0,0.0,0.0,50.0,50.0,0.0,0.0,0.0,7.0,0.0,0.0,7.0,0.0,0.0,0.0,0.0,29.0,0.0,0.0,0.0,0.0,00:12:05:07,100.0,899.0
Sep 25 2023 - 02:30:00,Sep 25 2023 - 02:45:00,ED4859,48591,10.28.73.18,MNG-KNVVB01,100.0,3.0,3.0,100.0,3.0,3.0,0.06,0.0,0.0,0.0,0.0,0.0,59.0,0.0,0.0,0.0,3.0,0.0,0.0,3.0,100.0,59.0,59.0,0.0,0.0,0.0,59.0,0.0,0.0,0.0,3.0,0.0,0.0,3.0,3.0,59.0,59.0,0.0,0.0,0.0,0.0,0.0,0.0,0.0,0.0,0.0,3.0,70.0,3.0,3.0,395.0,9.0,17.0,7.0,1.0,1.0,0.0,0.0,432.0,0.0,0.0,0.0,0.0,2.0,0.0,2.0,100.0,100.0,0.0,0.0,0.0,0.0,0.0,0.0,0.0,59.0,59.0,0.0,0.0,0.0,36.0,0.0,0.0,36.0,0.0,0.0,0.0,0.0,23.0,3.0,0.0,0.0,0.0,00:12:20:08,100.0,901.0
Sep 25 2023 - 02:45:00,Sep 25 2023 - 03:00:00,ED4859,48591,10.28.73.18,MNG-KNVVB01,0.0,0.0,0.0,0.0,0.0,0.0,0.0,0.0,0.0,0.0,0.0,0.0,57.0,0.0,0.0,0.0,0.0,0.0,0.0,0.0,97.0,57.0,59.0,0.0,0.0,0.0,59.0,0.0,0.0,0.0,0.0,0.0,0.0,0.0,0.0,59.0,57.0,0.0,0.0,0.0,0.0,0.0,0.0,0.0,0.0,0.0,0.0,0.0,0.0,0.0,0.0,0.0,0.0,0.0,0.0,0.0,0.0,0.0,0.0,0.0,0.0,0.0,0.0,0.0,0.0,0.0,0.0,0.0,0.0,0.0,0.0,0.0,0.0,0.0,0.0,59.0,57.0,0.0,0.0,0.0,24.0,0.0,0.0,24.0,0.0,0.0,0.0,0.0,32.0,0.0,0.0,0.0,0.0,00:12:35:08,100.0,900.0
Sep 25 2023 - 03:00:00,Sep 25 2023 - 03:15:00,ED4859,48591,10.28.73.18,MNG-KNVVB01,0.0,0.0,0.0,0.0,0.0,0.0,0.0,0.0,0.0,0.0,0.0,0.0,62.0,0.0,0.0,0.0,0.0,0.0,0.0,0.0,100.0,62.0,62.0,0.0,0.0,0.0,62.0,0.0,0.0,0.0,0.0,0.0,0.0,0.0,0.0,62.0,62.0,0.0,0.0,0.0,0.0,0.0,0.0,0.0,0.0,0.0,0.0,0.0,0.0,0.0,0.0,0.0,0.0,0.0,0.0,0.0,0.0,0.0,0.0,0.0,0.0,0.0,0.0,0.0,0.0,0.0,0.0,0.0,0.0,0.0,0.0,0.0,0.0,0.0,0.0,62.0,62.0,0.0,0.0,0.0,33.0,0.0,0.0,33.0,0.0,0.0,0.0,0.0,22.0,0.0,0.0,0.0,0.0,00:12:50:08,100.0,900.0
Sep 25 2023 - 03:15:00,Sep 25 2023 - 03:30:00,ED4859,48591,10.28.73.18,MNG-KNVVB01,100.0,3.0,3.0,100.0,3.0,3.0,0.03,0.0,0.0,0.0,0.0,0.0,49.0,0.0,0.0,0.0,3.0,0.0,0.0,3.0,96.0,49.0,51.0,0.0,0.0,0.0,51.0,0.0,0.0,0.0,3.0,0.0,0.0,3.0,3.0,51.0,49.0,0.0,0.0,0.0,0.0,0.0,0.0,0.0,0.0,0.0,2.0,32.0,2.0,3.0,180.0,5.0,9.0,2.0,0.0,0.0,0.0,0.0,201.0,0.0,0.0,0.0,0.0,1.0,0.0,0.0,100.0,100.0,0.0,0.0,0.0,0.0,0.0,0.0,0.0,51.0,49.0,0.0,0.0,0.0,37.0,0.0,0.0,37.0,0.0,0.0,0.0,0.0,22.0,3.0,0.0,0.0,0.0,00:13:05:08,100.0,900.0
Sep 25 2023 - 03:30:00,Sep 25 2023 - 03:45:00,ED4859,48591,10.28.73.18,MNG-KNVVB01,100.0,1.0,1.0,100.0,1.0,1.0,0.01,0.0,0.0,0.0,0.0,0.0,60.0,0.0,0.0,0.0,1.0,0.0,0.0,1.0,100.0,60.0,60.0,0.0,0.0,0.0,60.0,0.0,0.0,0.0,1.0,0.0,0.0,1.0,1.0,60.0,60.0,0.0,0.0,0.0,0.0,0.0,0.0,0.0,0.0,0.0,0.0,28.0,0.0,1.0,30.0,0.0,2.0,0.0,1.0,0.0,0.0,0.0,35.0,0.0,0.0,0.0,0.0,0.0,0.0,1.0,97.0,97.0,0.0,0.0,0.0,0.0,0.0,0.0,0.0,60.0,60.0,0.0,0.0,0.0,17.0,0.0,0.0,17.0,0.0,0.0,0.0,0.0,25.0,1.0,0.0,0.0,0.0,00:13:20:08,100.0,900.0
Sep 25 2023 - 03:45:00,Sep 25 2023 - 04:00:00,ED4859,48591,10.28.73.18,MNG-KNVVB01,100.0,6.0,6.0,83.0,5.0,6.0,0.03,0.0,1.0,0.0,0.0,0.0,63.0,1.0,17.0,1.0,6.0,17.0,1.0,6.0,100.0,63.0,63.0,0.0,0.0,0.0,63.0,0.0,0.0,0.0,6.0,0.0,0.0,6.0,6.0,63.0,63.0,0.0,0.0,0.0,0.0,0.0,0.0,0.0,0.0,0.0,2.0,17.0,2.0,6.0,177.0,6.0,11.0,20.0,14.0,23.0,7.0,1.0,251.0,6.0,2.0,2.0,2.0,2.0,1.0,5.0,98.0,98.0,0.0,0.0,0.0,1.0,0.0,0.0,0.0,63.0,63.0,0.0,0.0,0.0,14.0,0.0,0.0,14.0,0.0,0.0,0.0,0.0,27.0,6.0,0.0,0.0,0.0,00:13:35:08,100.0,900.0
Sep 25 2023 - 04:00:00,Sep 25 2023 - 04:15:00,ED4859,48591,10.28.73.18,MNG-KNVVB01,100.0,4.0,4.0,100.0,4.0,4.0,0.04,0.0,0.0,0.0,0.0,0.0,76.0,0.0,0.0,0.0,4.0,0.0,0.0,4.0,99.0,76.0,77.0,0.0,0.0,0.0,77.0,0.0,0.0,0.0,4.0,0.0,0.0,4.0,4.0,77.0,76.0,0.0,0.0,0.0,0.0,0.0,0.0,0.0,0.0,0.0,2.0,36.0,2.0,4.0,233.0,4.0,6.0,9.0,0.0,0.0,0.0,0.0,257.0,0.0,0.0,0.0,0.0,0.0,0.0,3.0,99.0,99.0,0.0,0.0,0.0,0.0,0.0,0.0,0.0,77.0,76.0,0.0,0.0,0.0,39.0,0.0,0.0,39.0,0.0,0.0,0.0,0.0,30.0,4.0,0.0,0.0,0.0,00:13:50:08,100.0,899.0
Sep 25 2023 - 04:15:00,Sep 25 2023 - 04:30:00,ED4859,48591,10.28.73.18,MNG-KNVVB01,100.0,8.0,8.0,75.0,6.0,8.0,0.35,0.0,2.0,0.0,0.0,0.0,73.0,2.0,25.0,2.0,8.0,25.0,2.0,8.0,97.0,73.0,75.0,0.0,0.0,0.0,75.0,0.0,0.0,0.0,8.0,0.0,0.0,8.0,8.0,75.0,73.0,0.0,0.0,0.0,0.0,0.0,0.0,0.0,0.0,0.0,21.0,125.0,21.0,8.0,2303.0,37.0,96.0,77.0,36.0,8.0,9.0,8.0,2557.0,3.0,4.0,6.0,5.0,19.0,21.0,9.0,99.0,99.0,0.0,0.0,0.0,2.0,0.0,0.0,0.0,75.0,73.0,0.0,0.0,0.0,55.0,0.0,0.0,55.0,0.0,0.0,0.0,0.0,36.0,8.0,0.0,0.0,0.0,00:14:05:07,100.0,900.0
Sep 25 2023 - 04:30:00,Sep 25 2023 - 04:45:00,ED4859,48591,10.28.73.18,MNG-KNVVB01,100.0,7.0,7.0,100.0,7.0,7.0,0.26,0.0,0.0,0.0,0.0,0.0,99.0,0.0,0.0,0.0,7.0,0.0,0.0,7.0,93.0,99.0,106.0,0.0,0.0,0.0,106.0,0.0,0.0,0.0,7.0,0.0,0.0,7.0,7.0,106.0,99.0,0.0,0.0,0.0,0.0,0.0,0.0,0.0,0.0,0.0,15.0,116.0,15.0,7.0,1584.0,35.0,116.0,107.0,46.0,4.0,0.0,0.0,1920.0,0.0,1.0,2.0,1.0,10.0,14.0,4.0,99.0,99.0,0.0,0.0,0.0,0.0,0.0,0.0,0.0,106.0,99.0,0.0,0.0,0.0,28.0,0.0,0.0,28.0,0.0,0.0,0.0,0.0,42.0,7.0,0.0,0.0,0.0,00:14:20:08,100.0,901.0
Sep 25 2023 - 04:45:00,Sep 25 2023 - 05:00:00,ED4859,48591,10.28.73.18,MNG-KNVVB01,100.0,11.0,11.0,82.0,9.0,11.0,0.21,0.0,2.0,0.0,0.0,0.0,79.0,2.0,18.0,2.0,11.0,18.0,2.0,11.0,92.0,79.0,86.0,0.0,0.0,0.0,86.0,0.0,0.0,0.0,11.0,0.0,0.0,11.0,11.0,86.0,79.0,0.0,0.0,0.0,0.0,0.0,0.0,0.0,0.0,0.0,13.0,68.0,13.0,11.0,1219.0,43.0,92.0,79.0,49.0,19.0,1.0,0.0,1505.0,1.0,1.0,2.0,0.0,3.0,7.0,7.0,99.0,99.0,0.0,0.0,0.0,2.0,0.0,0.0,0.0,86.0,79.0,0.0,0.0,0.0,51.0,0.0,0.0,51.0,0.0,0.0,0.0,0.0,24.0,11.0,0.0,0.0,0.0,00:14:35:08,100.0,900.0
Sep 25 2023 - 05:00:00,Sep 25 2023 - 05:15:00,ED4859,48591,10.28.73.18,MNG-KNVVB01,100.0,34.0,34.0,79.0,27.0,34.0,0.59,0.0,7.0,0.0,0.0,0.0,125.0,7.0,21.0,7.0,34.0,21.0,7.0,34.0,87.0,125.0,143.0,0.0,0.0,0.0,143.0,0.0,0.0,0.0,34.0,0.0,0.0,34.0,34.0,143.0,125.0,0.0,0.0,0.0,0.0,0.0,0.0,0.0,0.0,0.0,35.0,59.0,35.0,34.0,3656.0,81.0,189.0,166.0,45.0,20.0,8.0,8.0,4248.0,1.0,1.0,1.0,2.0,18.0,31.0,32.0,99.0,99.0,0.0,0.0,0.0,7.0,0.0,0.0,0.0,143.0,125.0,0.0,0.0,0.0,158.0,0.0,0.0,158.0,0.0,0.0,0.0,0.0,31.0,34.0,0.0,0.0,0.0,00:14:50:08,100.0,900.0
Sep 25 2023 - 05:15:00,Sep 25 2023 - 05:30:00,ED4859,48591,10.28.73.18,MNG-KNVVB01,98.0,44.0,45.0,98.0,43.0,44.0,0.92,0.0,1.0,0.0,0.0,0.0,165.0,1.0,2.0,1.0,44.0,2.0,1.0,44.0,90.0,165.0,183.0,0.0,0.0,0.0,183.0,0.0,0.0,0.0,45.0,0.0,0.0,45.0,44.0,183.0,165.0,0.0,0.0,0.0,0.0,0.0,0.0,0.0,0.0,0.0,55.0,66.0,55.0,44.0,5862.0,107.0,312.0,287.0,78.0,19.0,4.0,3.0,6694.0,1.0,2.0,7.0,33.0,68.0,103.0,65.0,98.0,98.0,0.0,0.0,0.0,1.0,0.0,0.0,0.0,183.0,165.0,0.0,0.0,0.0,180.0,0.0,0.0,180.0,0.0,0.0,0.0,0.0,41.0,44.0,0.0,0.0,0.0,00:15:05:07,100.0,899.0
Sep 25 2023 - 05:30:00,Sep 25 2023 - 05:45:00,ED4859,48591,10.28.73.18,MNG-KNVVB01,100.0,51.0,51.0,96.0,49.0,51.0,0.78,0.0,2.0,0.0,0.0,0.0,163.0,2.0,4.0,2.0,51.0,4.0,2.0,51.0,93.0,163.0,176.0,0.0,0.0,0.0,176.0,0.0,0.0,0.0,51.0,0.0,0.0,51.0,51.0,176.0,163.0,0.0,0.0,0.0,0.0,0.0,0.0,0.0,0.0,0.0,47.0,53.0,47.0,51.0,5007.0,70.0,250.0,228.0,71.0,50.0,7.0,11.0,5699.0,0.0,2.0,4.0,7.0,44.0,61.0,61.0,98.0,98.0,0.0,0.0,0.0,2.0,0.0,0.0,0.0,176.0,163.0,0.0,0.0,0.0,191.0,0.0,0.0,191.0,0.0,0.0,0.0,0.0,46.0,51.0,0.0,0.0,0.0,00:15:20:07,100.0,900.0
Sep 25 2023 - 05:45:00,Sep 25 2023 - 06:00:00,ED4859,48591,10.28.73.18,MNG-KNVVB01,100.0,79.0,79.0,96.0,76.0,79.0,1.38,0.0,3.0,0.0,0.0,0.0,204.0,3.0,4.0,3.0,79.0,4.0,3.0,79.0,94.0,204.0,217.0,0.0,0.0,0.0,217.0,0.0,0.0,0.0,79.0,0.0,0.0,79.0,79.0,217.0,204.0,0.0,0.0,0.0,0.0,0.0,0.0,0.0,0.0,0.0,83.0,62.0,83.0,79.0,8495.0,138.0,494.0,462.0,98.0,37.0,42.0,12.0,9881.0,5.0,7.0,13.0,18.0,84.0,171.0,108.0,97.0,97.0,0.0,0.0,0.0,3.0,0.0,0.0,0.0,217.0,204.0,0.0,0.0,0.0,266.0,0.0,0.0,266.0,0.0,0.0,0.0,0.0,42.0,79.0,0.0,0.0,0.0,00:15:35:07,100.0,900.0
Sep 25 2023 - 06:00:00,Sep 25 2023 - 06:15:00,ED4859,48591,10.28.73.18,MNG-KNVVB01,94.0,74.0,79.0,99.0,73.0,74.0,1.05,0.0,1.0,0.0,0.0,0.0,230.0,1.0,1.0,1.0,74.0,1.0,1.0,74.0,96.0,230.0,239.0,0.0,0.0,0.0,239.0,0.0,0.0,0.0,79.0,0.0,0.0,79.0,74.0,239.0,230.0,0.0,0.0,0.0,0.0,0.0,0.0,0.0,0.0,0.0,63.0,48.0,63.0,74.0,6560.0,122.0,374.0,254.0,35.0,10.0,11.0,0.0,7547.0,1.0,1.0,2.0,5.0,68.0,141.0,100.0,97.0,97.0,0.0,0.0,0.0,1.0,0.0,0.0,0.0,239.0,230.0,0.0,0.0,0.0,296.0,0.0,0.0,296.0,0.0,0.0,0.0,0.0,48.0,74.0,0.0,0.0,0.0,00:15:50:08,100.0,901.0
Sep 25 2023 - 06:15:00,Sep 25 2023 - 06:30:00,ED4859,48591,10.28.73.18,MNG-KNVVB01,100.0,67.0,67.0,99.0,66.0,67.0,0.66,0.0,1.0,0.0,0.0,0.0,190.0,1.0,1.0,1.0,67.0,1.0,1.0,67.0,97.0,190.0,196.0,0.0,0.0,0.0,196.0,0.0,0.0,0.0,67.0,0.0,0.0,67.0,67.0,196.0,190.0,0.0,0.0,0.0,0.0,0.0,0.0,0.0,0.0,0.0,40.0,34.0,40.0,67.0,4245.0,76.0,209.0,145.0,44.0,16.0,3.0,0.0,4800.0,2.0,2.0,1.0,5.0,33.0,96.0,64.0,97.0,97.0,0.0,0.0,0.0,1.0,0.0,0.0,0.0,196.0,190.0,0.0,0.0,0.0,533.0,0.0,0.0,533.0,0.0,0.0,0.0,0.0,45.0,67.0,0.0,0.0,0.0,00:16:05:08,100.0,900.0
Sep 25 2023 - 06:30:00,Sep 25 2023 - 06:45:00,ED4859,48591,10.28.73.18,MNG-KNVVB01,99.0,74.0,75.0,97.0,72.0,74.0,1.08,0.0,2.0,0.0,0.0,0.0,173.0,2.0,3.0,2.0,74.0,3.0,2.0,74.0,89.0,173.0,194.0,1.0,1.0,1.0,195.0,0.0,0.0,0.0,75.0,0.0,0.0,75.0,74.0,194.0,173.0,0.0,0.0,0.0,0.0,0.0,0.0,0.0,0.0,0.0,65.0,52.0,65.0,74.0,6341.0,163.0,417.0,386.0,122.0,61.0,21.0,3.0,7604.0,16.0,8.0,11.0,8.0,82.0,166.0,87.0,97.0,97.0,1.0,0.0,0.0,2.0,0.0,0.0,0.0,194.0,173.0,0.0,0.0,0.0,471.0,0.0,0.0,471.0,0.0,0.0,0.0,0.0,39.0,74.0,0.0,0.0,0.0,00:16:20:08,100.0,900.0
Sep 25 2023 - 06:45:00,Sep 25 2023 - 07:00:00,ED4859,48591,10.28.73.18,MNG-KNVVB01,96.0,53.0,55.0,94.0,50.0,53.0,1.32,0.0,3.0,0.0,0.0,0.0,174.0,3.0,6.0,3.0,53.0,6.0,3.0,53.0,61.0,174.0,286.0,0.0,0.0,0.0,286.0,0.0,0.0,0.0,55.0,0.0,0.0,55.0,53.0,286.0,174.0,0.0,0.0,0.0,0.0,0.0,0.0,0.0,0.0,0.0,79.0,78.0,79.0,53.0,8142.0,158.0,494.0,523.0,152.0,24.0,7.0,7.0,9641.0,3.0,2.0,5.0,16.0,66.0,146.0,81.0,98.0,98.0,0.0,0.0,0.0,3.0,0.0,0.0,0.0,286.0,174.0,0.0,0.0,0.0,412.0,0.0,0.0,412.0,0.0,0.0,0.0,0.0,76.0,53.0,0.0,0.0,0.0,00:16:35:07,100.0,899.0
Sep 25 2023 - 07:00:00,Sep 25 2023 - 07:15:00,ED4859,48591,10.28.73.18,MNG-KNVVB01,94.0,66.0,70.0,89.0,59.0,66.0,1.23,0.0,7.0,0.0,0.0,0.0,191.0,7.0,11.0,7.0,66.0,11.0,7.0,66.0,55.0,191.0,350.0,0.0,0.0,0.0,350.0,0.0,0.0,0.0,70.0,0.0,0.0,70.0,66.0,350.0,191.0,0.0,0.0,0.0,0.0,0.0,0.0,0.0,0.0,0.0,74.0,62.0,74.0,66.0,7160.0,206.0,436.0,510.0,229.0,63.0,26.0,14.0,8845.0,3.0,2.0,1.0,8.0,81.0,136.0,110.0,97.0,97.0,0.0,0.0,0.0,7.0,0.0,0.0,0.0,350.0,191.0,0.0,0.0,0.0,556.0,0.0,0.0,556.0,0.0,0.0,0.0,0.0,85.0,66.0,0.0,0.0,0.0,00:16:50:07,100.0,900.0
Sep 25 2023 - 00:00:00,Sep 25 2023 - 00:15:00,BY2720,27201,10.28.73.148,MNG-KNVVB01,100.0,7.0,7.0,100.0,7.0,7.0,0.02,0.0,0.0,0.0,0.0,0.0,95.0,0.0,0.0,0.0,7.0,0.0,0.0,7.0,100.0,95.0,95.0,0.0,0.0,0.0,95.0,0.0,0.0,0.0,7.0,0.0,0.0,7.0,7.0,95.0,95.0,0.0,0.0,0.0,0.0,0.0,0.0,0.0,0.0,0.0,1.0,9.0,1.0,7.0,132.0,1.0,3.0,1.0,1.0,0.0,0.0,0.0,153.0,0.0,1.0,0.0,0.0,0.0,0.0,1.0,99.0,99.0,0.0,0.0,0.0,0.0,0.0,0.0,0.0,95.0,95.0,0.0,0.0,0.0,47.0,0.0,0.0,47.0,0.0,0.0,0.0,0.0,32.0,7.0,0.0,0.0,0.0,00:17:01:44,100.0,899.0
Sep 25 2023 - 00:15:00,Sep 25 2023 - 00:30:00,BY2720,27201,10.28.73.148,MNG-KNVVB01,100.0,9.0,9.0,100.0,9.0,9.0,0.06,0.0,0.0,0.0,0.0,0.0,87.0,0.0,0.0,0.0,9.0,0.0,0.0,9.0,98.0,87.0,89.0,0.0,0.0,0.0,89.0,0.0,0.0,0.0,9.0,0.0,0.0,9.0,9.0,89.0,87.0,0.0,0.0,0.0,0.0,0.0,0.0,0.0,0.0,0.0,3.0,23.0,3.0,9.0,385.0,2.0,11.0,3.0,0.0,0.0,0.0,0.0,418.0,0.0,0.0,0.0,0.0,0.0,1.0,1.0,100.0,100.0,0.0,0.0,0.0,0.0,0.0,0.0,0.0,89.0,87.0,0.0,0.0,0.0,38.0,0.0,0.0,38.0,0.0,0.0,0.0,0.0,33.0,9.0,0.0,0.0,0.0,00:17:16:44,100.0,900.0
Sep 25 2023 - 00:30:00,Sep 25 2023 - 00:45:00,BY2720,27201,10.28.73.148,MNG-KNVVB01,100.0,6.0,6.0,100.0,6.0,6.0,0.09,0.0,0.0,0.0,0.0,0.0,84.0,0.0,0.0,0.0,6.0,0.0,0.0,6.0,100.0,84.0,84.0,0.0,0.0,0.0,84.0,0.0,0.0,0.0,6.0,0.0,0.0,6.0,6.0,84.0,84.0,0.0,0.0,0.0,0.0,0.0,0.0,0.0,0.0,0.0,5.0,45.0,5.0,6.0,586.0,8.0,47.0,30.0,3.0,0.0,0.0,0.0,681.0,0.0,0.0,0.0,0.0,3.0,1.0,1.0,100.0,100.0,0.0,0.0,0.0,0.0,0.0,0.0,0.0,84.0,84.0,0.0,0.0,0.0,47.0,0.0,0.0,47.0,0.0,0.0,0.0,0.0,37.0,6.0,0.0,0.0,0.0,00:17:31:44,100.0,899.0
Sep 25 2023 - 00:45:00,Sep 25 2023 - 01:00:00,BY2720,27201,10.28.73.148,MNG-KNVVB01,100.0,4.0,4.0,75.0,3.0,4.0,0.05,0.0,1.0,0.0,0.0,0.0,62.0,1.0,25.0,1.0,4.0,25.0,1.0,4.0,100.0,62.0,62.0,0.0,0.0,0.0,62.0,0.0,0.0,0.0,4.0,0.0,0.0,4.0,4.0,62.0,62.0,0.0,0.0,0.0,0.0,0.0,0.0,0.0,0.0,0.0,3.0,48.0,3.0,4.0,336.0,2.0,11.0,10.0,2.0,0.0,0.0,0.0,364.0,0.0,1.0,0.0,0.0,1.0,1.0,3.0,99.0,99.0,0.0,0.0,0.0,1.0,0.0,0.0,0.0,62.0,62.0,0.0,0.0,0.0,19.0,0.0,0.0,19.0,0.0,0.0,0.0,0.0,26.0,4.0,0.0,0.0,0.0,00:17:46:44,100.0,900.0
Sep 25 2023 - 01:00:00,Sep 25 2023 - 01:15:00,BY2720,27201,10.28.73.148,MNG-KNVVB01,100.0,2.0,2.0,100.0,2.0,2.0,0.05,0.0,0.0,0.0,0.0,0.0,70.0,0.0,0.0,0.0,2.0,0.0,0.0,2.0,100.0,70.0,70.0,0.0,0.0,0.0,70.0,0.0,0.0,0.0,2.0,0.0,0.0,2.0,2.0,70.0,70.0,0.0,0.0,0.0,0.0,0.0,0.0,0.0,0.0,0.0,3.0,45.0,3.0,2.0,385.0,1.0,9.0,6.0,1.0,0.0,0.0,0.0,405.0,0.0,0.0,0.0,0.0,2.0,0.0,0.0,100.0,100.0,0.0,0.0,0.0,0.0,0.0,0.0,0.0,70.0,70.0,0.0,0.0,0.0,8.0,0.0,0.0,8.0,0.0,0.0,0.0,0.0,31.0,2.0,0.0,0.0,0.0,00:18:01:43,100.0,900.0
Sep 25 2023 - 01:15:00,Sep 25 2023 - 01:30:00,BY2720,27201,10.28.73.148,MNG-KNVVB01,100.0,5.0,5.0,100.0,5.0,5.0,0.02,0.0,0.0,0.0,0.0,0.0,80.0,0.0,0.0,0.0,5.0,0.0,0.0,5.0,100.0,80.0,80.0,0.0,0.0,0.0,80.0,0.0,0.0,0.0,5.0,0.0,0.0,5.0,5.0,80.0,80.0,0.0,0.0,0.0,0.0,0.0,0.0,0.0,0.0,0.0,1.0,17.0,1.0,5.0,141.0,0.0,1.0,0.0,0.0,0.0,0.0,0.0,150.0,0.0,0.0,0.0,0.0,1.0,1.0,0.0,99.0,99.0,0.0,0.0,0.0,0.0,0.0,0.0,0.0,80.0,80.0,0.0,0.0,0.0,40.0,0.0,0.0,40.0,0.0,0.0,0.0,0.0,33.0,5.0,0.0,0.0,0.0,00:18:16:44,100.0,900.0
Sep 25 2023 - 01:30:00,Sep 25 2023 - 01:45:00,BY2720,27201,10.28.73.148,MNG-KNVVB01,100.0,7.0,7.0,100.0,7.0,7.0,0.03,0.0,0.0,0.0,0.0,0.0,79.0,0.0,0.0,0.0,7.0,0.0,0.0,7.0,100.0,79.0,79.0,0.0,0.0,0.0,79.0,0.0,0.0,0.0,7.0,0.0,0.0,7.0,7.0,79.0,79.0,0.0,0.0,0.0,0.0,0.0,0.0,0.0,0.0,0.0,2.0,16.0,2.0,7.0,263.0,2.0,3.0,0.0,0.0,0.0,0.0,0.0,282.0,0.0,0.0,0.0,0.0,0.0,1.0,0.0,100.0,100.0,0.0,0.0,0.0,0.0,0.0,0.0,0.0,79.0,79.0,0.0,0.0,0.0,12.0,0.0,0.0,12.0,0.0,0.0,0.0,0.0,33.0,7.0,0.0,0.0,0.0,00:18:31:44,100.0,900.0
Sep 25 2023 - 01:45:00,Sep 25 2023 - 02:00:00,BY2720,27201,10.28.73.148,MNG-KNVVB01,100.0,6.0,6.0,100.0,6.0,6.0,0.03,0.0,0.0,0.0,0.0,0.0,65.0,0.0,0.0,0.0,6.0,0.0,0.0,6.0,100.0,65.0,65.0,0.0,0.0,0.0,65.0,0.0,0.0,0.0,6.0,0.0,0.0,6.0,6.0,65.0,65.0,0.0,0.0,0.0,0.0,0.0,0.0,0.0,0.0,0.0,2.0,16.0,2.0,6.0,165.0,0.0,0.0,0.0,0.0,0.0,0.0,0.0,175.0,0.0,0.0,0.0,0.0,0.0,0.0,0.0,100.0,100.0,0.0,0.0,0.0,0.0,0.0,0.0,0.0,65.0,65.0,0.0,0.0,0.0,27.0,0.0,0.0,27.0,0.0,0.0,0.0,0.0,28.0,6.0,0.0,0.0,0.0,00:18:46:44,100.0,900.0
Sep 25 2023 - 02:00:00,Sep 25 2023 - 02:15:00,BY2720,27201,10.28.73.148,MNG-KNVVB01,100.0,4.0,4.0,100.0,4.0,4.0,0.01,0.0,0.0,0.0,0.0,0.0,66.0,0.0,0.0,0.0,4.0,0.0,0.0,4.0,100.0,66.0,66.0,0.0,0.0,0.0,66.0,0.0,0.0,0.0,4.0,0.0,0.0,4.0,4.0,66.0,66.0,0.0,0.0,0.0,0.0,0.0,0.0,0.0,0.0,0.0,1.0,8.0,1.0,4.0,86.0,0.0,0.0,0.0,0.0,0.0,0.0,0.0,108.0,0.0,0.0,0.0,0.0,0.0,0.0,0.0,100.0,100.0,0.0,0.0,0.0,0.0,0.0,0.0,0.0,66.0,66.0,0.0,0.0,0.0,13.0,0.0,0.0,13.0,0.0,0.0,0.0,0.0,31.0,4.0,0.0,0.0,0.0,00:19:01:44,100.0,899.0
Sep 25 2023 - 02:15:00,Sep 25 2023 - 02:30:00,BY2720,27201,10.28.73.148,MNG-KNVVB01,100.0,1.0,1.0,100.0,1.0,1.0,0.0,0.0,0.0,0.0,0.0,0.0,67.0,0.0,0.0,0.0,1.0,0.0,0.0,1.0,100.0,67.0,67.0,0.0,0.0,0.0,67.0,0.0,0.0,0.0,1.0,0.0,0.0,1.0,1.0,67.0,67.0,0.0,0.0,0.0,0.0,0.0,0.0,0.0,0.0,0.0,0.0,12.0,0.0,1.0,24.0,0.0,0.0,0.0,0.0,0.0,0.0,0.0,26.0,0.0,0.0,0.0,0.0,0.0,0.0,0.0,100.0,100.0,0.0,0.0,0.0,0.0,0.0,0.0,0.0,67.0,67.0,0.0,0.0,0.0,7.0,0.0,0.0,7.0,0.0,0.0,0.0,0.0,32.0,1.0,0.0,0.0,0.0,00:19:16:43,100.0,900.0
Sep 25 2023 - 02:30:00,Sep 25 2023 - 02:45:00,BY2720,27201,10.28.73.148,MNG-KNVVB01,0.0,0.0,0.0,0.0,0.0,0.0,0.0,0.0,0.0,0.0,0.0,0.0,71.0,0.0,0.0,0.0,0.0,0.0,0.0,0.0,100.0,71.0,71.0,0.0,0.0,0.0,71.0,0.0,0.0,0.0,0.0,0.0,0.0,0.0,0.0,71.0,71.0,0.0,0.0,0.0,0.0,0.0,0.0,0.0,0.0,0.0,0.0,0.0,0.0,0.0,0.0,0.0,0.0,0.0,0.0,0.0,0.0,0.0,0.0,0.0,0.0,0.0,0.0,0.0,0.0,0.0,0.0,0.0,0.0,0.0,0.0,0.0,0.0,0.0,0.0,71.0,71.0,0.0,0.0,0.0,36.0,0.0,0.0,36.0,0.0,0.0,0.0,0.0,30.0,0.0,0.0,0.0,0.0,00:19:31:44,100.0,901.0
Sep 25 2023 - 02:45:00,Sep 25 2023 - 03:00:00,BY2720,27201,10.28.73.148,MNG-KNVVB01,100.0,4.0,4.0,25.0,1.0,4.0,0.02,0.0,3.0,0.0,0.0,0.0,70.0,3.0,75.0,3.0,4.0,75.0,3.0,4.0,99.0,70.0,71.0,0.0,0.0,0.0,71.0,0.0,0.0,0.0,4.0,0.0,0.0,4.0,4.0,71.0,70.0,0.0,0.0,0.0,0.0,0.0,0.0,0.0,0.0,0.0,1.0,18.0,1.0,4.0,122.0,3.0,7.0,6.0,1.0,0.0,1.0,0.0,117.0,13.0,11.0,7.0,0.0,0.0,0.0,0.0,100.0,100.0,0.0,0.0,0.0,3.0,0.0,0.0,0.0,71.0,70.0,0.0,0.0,0.0,24.0,0.0,0.0,24.0,0.0,0.0,0.0,0.0,30.0,4.0,0.0,0.0,0.0,00:19:46:44,100.0,900.0
Sep 25 2023 - 03:00:00,Sep 25 2023 - 03:15:00,BY2720,27201,10.28.73.148,MNG-KNVVB01,100.0,3.0,3.0,100.0,3.0,3.0,0.01,0.0,0.0,0.0,0.0,0.0,71.0,0.0,0.0,0.0,3.0,0.0,0.0,3.0,100.0,71.0,71.0,0.0,0.0,0.0,71.0,0.0,0.0,0.0,3.0,0.0,0.0,3.0,3.0,71.0,71.0,0.0,0.0,0.0,0.0,0.0,0.0,0.0,0.0,0.0,1.0,11.0,1.0,3.0,49.0,1.0,1.0,0.0,0.0,0.0,0.0,0.0,69.0,0.0,0.0,0.0,0.0,0.0,0.0,0.0,100.0,100.0,0.0,0.0,0.0,0.0,0.0,0.0,0.0,71.0,71.0,0.0,0.0,0.0,33.0,0.0,0.0,33.0,0.0,0.0,0.0,0.0,34.0,3.0,0.0,0.0,0.0,00:20:01:44,100.0,899.0
Sep 25 2023 - 03:15:00,Sep 25 2023 - 03:30:00,BY2720,27201,10.28.73.148,MNG-KNVVB01,100.0,2.0,2.0,50.0,1.0,2.0,0.01,0.0,1.0,0.0,0.0,0.0,78.0,1.0,50.0,1.0,2.0,50.0,1.0,2.0,99.0,78.0,79.0,0.0,0.0,0.0,79.0,0.0,0.0,0.0,2.0,0.0,0.0,2.0,2.0,79.0,78.0,0.0,0.0,0.0,0.0,0.0,0.0,0.0,0.0,0.0,1.0,24.0,1.0,2.0,94.0,0.0,0.0,0.0,0.0,0.0,1.0,0.0,99.0,0.0,0.0,0.0,0.0,0.0,0.0,0.0,100.0,100.0,0.0,0.0,0.0,1.0,0.0,0.0,0.0,79.0,78.0,0.0,0.0,0.0,37.0,0.0,0.0,37.0,0.0,0.0,0.0,0.0,36.0,2.0,0.0,0.0,0.0,00:20:16:44,100.0,900.0
Sep 25 2023 - 03:30:00,Sep 25 2023 - 03:45:00,BY2720,27201,10.28.73.148,MNG-KNVVB01,100.0,7.0,7.0,100.0,7.0,7.0,0.05,0.0,0.0,0.0,0.0,0.0,81.0,0.0,0.0,0.0,7.0,0.0,0.0,7.0,100.0,81.0,81.0,0.0,0.0,0.0,81.0,0.0,0.0,0.0,7.0,0.0,0.0,7.0,7.0,81.0,81.0,0.0,0.0,0.0,0.0,0.0,0.0,0.0,0.0,0.0,3.0,28.0,3.0,7.0,358.0,10.0,17.0,7.0,0.0,0.0,0.0,0.0,406.0,0.0,0.0,0.0,0.0,0.0,0.0,0.0,100.0,100.0,0.0,0.0,0.0,0.0,0.0,0.0,0.0,81.0,81.0,0.0,0.0,0.0,17.0,0.0,0.0,17.0,0.0,0.0,0.0,0.0,32.0,7.0,0.0,0.0,0.0,00:20:31:44,100.0,901.0
Sep 25 2023 - 03:45:00,Sep 25 2023 - 04:00:00,BY2720,27201,10.28.73.148,MNG-KNVVB01,100.0,4.0,4.0,100.0,4.0,4.0,0.01,0.0,0.0,0.0,0.0,0.0,72.0,0.0,0.0,0.0,4.0,0.0,0.0,4.0,100.0,72.0,72.0,0.0,0.0,0.0,72.0,0.0,0.0,0.0,4.0,0.0,0.0,4.0,4.0,72.0,72.0,0.0,0.0,0.0,0.0,0.0,0.0,0.0,0.0,0.0,1.0,11.0,1.0,4.0,76.0,1.0,1.0,1.0,0.0,0.0,0.0,0.0,87.0,0.0,0.0,0.0,0.0,0.0,0.0,2.0,98.0,98.0,0.0,0.0,0.0,0.0,0.0,0.0,0.0,72.0,72.0,0.0,0.0,0.0,14.0,0.0,0.0,14.0,0.0,0.0,0.0,0.0,37.0,4.0,0.0,0.0,0.0,00:20:46:44,100.0,899.0
Sep 25 2023 - 04:00:00,Sep 25 2023 - 04:15:00,BY2720,27201,10.28.73.148,MNG-KNVVB01,100.0,5.0,5.0,100.0,5.0,5.0,0.06,0.0,0.0,0.0,0.0,0.0,71.0,0.0,0.0,0.0,5.0,0.0,0.0,5.0,100.0,71.0,71.0,0.0,0.0,0.0,71.0,0.0,0.0,0.0,5.0,0.0,0.0,5.0,5.0,71.0,71.0,0.0,0.0,0.0,0.0,0.0,0.0,0.0,0.0,0.0,4.0,43.0,4.0,5.0,378.0,10.0,22.0,8.0,4.0,3.0,0.0,0.0,429.0,0.0,1.0,0.0,0.0,1.0,0.0,0.0,100.0,100.0,0.0,0.0,0.0,0.0,0.0,0.0,0.0,71.0,71.0,0.0,0.0,0.0,39.0,0.0,0.0,39.0,0.0,0.0,0.0,0.0,28.0,5.0,0.0,0.0,0.0,00:21:01:43,100.0,899.0
Sep 25 2023 - 04:15:00,Sep 25 2023 - 04:30:00,BY2720,27201,10.28.73.148,MNG-KNVVB01,100.0,13.0,13.0,100.0,13.0,13.0,0.1,0.0,0.0,0.0,0.0,0.0,82.0,0.0,0.0,0.0,13.0,0.0,0.0,13.0,100.0,82.0,82.0,0.0,0.0,0.0,82.0,0.0,0.0,0.0,13.0,0.0,0.0,13.0,13.0,82.0,82.0,0.0,0.0,0.0,0.0,0.0,0.0,0.0,0.0,0.0,6.0,23.0,6.0,13.0,622.0,11.0,36.0,31.0,1.0,0.0,0.0,0.0,730.0,0.0,0.0,0.0,0.0,3.0,0.0,1.0,100.0,100.0,0.0,0.0,0.0,0.0,0.0,0.0,0.0,82.0,82.0,0.0,0.0,0.0,55.0,0.0,0.0,55.0,0.0,0.0,0.0,0.0,38.0,13.0,0.0,0.0,0.0,00:21:16:43,100.0,900.0
Sep 25 2023 - 04:30:00,Sep 25 2023 - 04:45:00,BY2720,27201,10.28.73.148,MNG-KNVVB01,100.0,10.0,10.0,100.0,10.0,10.0,0.03,0.0,0.0,0.0,0.0,0.0,96.0,0.0,0.0,0.0,10.0,0.0,0.0,10.0,100.0,96.0,96.0,0.0,0.0,0.0,96.0,0.0,0.0,0.0,10.0,0.0,0.0,10.0,10.0,96.0,96.0,0.0,0.0,0.0,0.0,0.0,0.0,0.0,0.0,0.0,2.0,11.0,2.0,10.0,214.0,4.0,6.0,4.0,0.0,0.0,0.0,0.0,242.0,0.0,0.0,0.0,0.0,0.0,0.0,2.0,99.0,99.0,0.0,0.0,0.0,0.0,0.0,0.0,0.0,96.0,96.0,0.0,0.0,0.0,28.0,0.0,0.0,28.0,0.0,0.0,0.0,0.0,29.0,10.0,0.0,0.0,0.0,00:21:31:44,100.0,900.0
Sep 25 2023 - 04:45:00,Sep 25 2023 - 05:00:00,BY2720,27201,10.28.73.148,MNG-KNVVB01,100.0,3.0,3.0,100.0,3.0,3.0,0.04,0.0,0.0,0.0,0.0,0.0,81.0,0.0,0.0,0.0,3.0,0.0,0.0,3.0,100.0,81.0,81.0,0.0,0.0,0.0,81.0,0.0,0.0,0.0,3.0,0.0,0.0,3.0,3.0,81.0,81.0,0.0,0.0,0.0,0.0,0.0,0.0,0.0,0.0,0.0,3.0,50.0,3.0,3.0,278.0,1.0,4.0,1.0,0.0,0.0,0.0,0.0,286.0,0.0,0.0,0.0,0.0,4.0,0.0,0.0,100.0,100.0,0.0,0.0,0.0,0.0,0.0,0.0,0.0,81.0,81.0,0.0,0.0,0.0,51.0,0.0,0.0,51.0,0.0,0.0,0.0,0.0,29.0,3.0,0.0,0.0,0.0,00:21:46:44,100.0,899.0
Sep 25 2023 - 05:00:00,Sep 25 2023 - 05:15:00,BY2720,27201,10.28.73.148,MNG-KNVVB01,100.0,24.0,24.0,100.0,24.0,24.0,0.35,0.0,0.0,0.0,0.0,0.0,119.0,0.0,0.0,0.0,24.0,0.0,0.0,24.0,97.0,119.0,123.0,0.0,0.0,0.0,123.0,0.0,0.0,0.0,24.0,0.0,0.0,24.0,24.0,123.0,119.0,0.0,0.0,0.0,0.0,0.0,0.0,0.0,0.0,0.0,21.0,50.0,21.0,24.0,2129.0,58.0,149.0,102.0,16.0,0.0,0.0,0.0,2531.0,0.0,0.0,1.0,0.0,11.0,30.0,7.0,99.0,99.0,0.0,0.0,0.0,0.0,0.0,0.0,0.0,123.0,119.0,0.0,0.0,0.0,158.0,0.0,0.0,158.0,0.0,0.0,0.0,0.0,41.0,24.0,0.0,0.0,0.0,00:22:01:44,100.0,900.0
Sep 25 2023 - 05:15:00,Sep 25 2023 - 05:30:00,BY2720,27201,10.28.73.148,MNG-KNVVB01,99.0,88.0,89.0,98.0,86.0,88.0,0.73,0.0,2.0,0.0,0.0,0.0,205.0,2.0,2.0,2.0,88.0,2.0,2.0,88.0,100.0,205.0,205.0,0.0,0.0,0.0,205.0,0.0,0.0,0.0,89.0,0.0,0.0,89.0,88.0,205.0,205.0,0.0,0.0,0.0,0.0,0.0,0.0,0.0,0.0,0.0,44.0,29.0,44.0,88.0,4816.0,48.0,175.0,97.0,6.0,1.0,0.0,0.0,5318.0,1.0,0.0,2.0,5.0,31.0,59.0,21.0,99.0,99.0,0.0,0.0,0.0,2.0,0.0,0.0,0.0,205.0,205.0,0.0,0.0,0.0,180.0,0.0,0.0,180.0,0.0,0.0,0.0,0.0,41.0,88.0,0.0,0.0,0.0,00:22:16:43,100.0,900.0
Sep 25 2023 - 05:30:00,Sep 25 2023 - 05:45:00,BY2720,27201,10.28.73.148,MNG-KNVVB01,100.0,122.0,122.0,98.0,119.0,122.0,1.63,0.0,3.0,0.0,0.0,0.0,275.0,3.0,2.0,3.0,122.0,2.0,3.0,122.0,100.0,275.0,275.0,0.0,0.0,0.0,275.0,0.0,0.0,0.0,122.0,0.0,0.0,122.0,122.0,275.0,275.0,0.0,0.0,0.0,0.0,0.0,0.0,0.0,0.0,0.0,98.0,45.0,98.0,122.0,10447.0,212.0,579.0,360.0,54.0,10.0,3.0,0.0,11781.0,5.0,13.0,9.0,13.0,101.0,170.0,31.0,98.0,98.0,0.0,0.0,0.0,3.0,0.0,0.0,0.0,275.0,275.0,0.0,0.0,0.0,191.0,0.0,0.0,191.0,0.0,0.0,0.0,0.0,54.0,122.0,0.0,0.0,0.0,00:22:31:43,100.0,900.0
Sep 25 2023 - 05:45:00,Sep 25 2023 - 06:00:00,BY2720,27201,10.28.73.148,MNG-KNVVB01,99.0,171.0,172.0,97.0,166.0,171.0,1.84,0.0,5.0,0.0,0.0,0.0,340.0,5.0,3.0,5.0,171.0,3.0,5.0,171.0,100.0,340.0,340.0,0.0,0.0,0.0,340.0,0.0,0.0,0.0,172.0,0.0,0.0,172.0,171.0,340.0,340.0,0.0,0.0,0.0,0.0,0.0,0.0,0.0,0.0,0.0,110.0,36.0,110.0,171.0,11646.0,209.0,646.0,457.0,76.0,33.0,28.0,26.0,13317.0,8.0,7.0,13.0,27.0,94.0,199.0,41.0,98.0,98.0,0.0,0.0,0.0,5.0,0.0,0.0,0.0,340.0,340.0,0.0,0.0,0.0,266.0,0.0,0.0,266.0,0.0,0.0,0.0,0.0,54.0,171.0,0.0,0.0,0.0,00:22:46:43,100.0,900.0
Sep 25 2023 - 06:00:00,Sep 25 2023 - 06:15:00,BY2720,27201,10.28.73.148,MNG-KNVVB01,99.0,238.0,240.0,99.0,235.0,238.0,2.74,0.0,3.0,0.0,0.0,0.0,411.0,3.0,1.0,3.0,238.0,1.0,3.0,238.0,100.0,411.0,411.0,0.0,0.0,0.0,411.0,0.0,0.0,0.0,240.0,0.0,0.0,240.0,238.0,411.0,411.0,0.0,0.0,0.0,0.0,0.0,0.0,0.0,0.0,0.0,164.0,39.0,164.0,238.0,17392.0,299.0,839.0,557.0,51.0,7.0,5.0,2.0,19984.0,17.0,4.0,9.0,27.0,101.0,189.0,52.0,99.0,99.0,0.0,0.0,0.0,3.0,0.0,0.0,0.0,411.0,411.0,0.0,0.0,0.0,296.0,0.0,0.0,296.0,0.0,0.0,0.0,0.0,56.0,238.0,0.0,0.0,0.0,00:23:01:44,100.0,900.0
Sep 25 2023 - 06:15:00,Sep 25 2023 - 06:30:00,BY2720,27201,10.28.73.148,MNG-KNVVB01,99.0,158.0,159.0,94.0,148.0,158.0,2.52,0.0,10.0,0.0,0.0,0.0,274.0,10.0,6.0,10.0,158.0,6.0,10.0,158.0,100.0,274.0,275.0,0.0,0.0,0.0,275.0,0.0,0.0,0.0,159.0,0.0,0.0,159.0,158.0,275.0,274.0,0.0,0.0,0.0,0.0,0.0,0.0,0.0,0.0,0.0,151.0,52.0,151.0,158.0,16696.0,264.0,715.0,493.0,86.0,16.0,9.0,4.0,18670.0,11.0,10.0,12.0,19.0,84.0,176.0,118.0,98.0,98.0,0.0,0.0,0.0,10.0,0.0,0.0,0.0,275.0,274.0,0.0,0.0,0.0,533.0,0.0,0.0,533.0,0.0,0.0,0.0,0.0,36.0,158.0,0.0,0.0,0.0,00:23:16:44,100.0,900.0
Sep 25 2023 - 06:30:00,Sep 25 2023 - 06:45:00,BY2720,27201,10.28.73.148,MNG-KNVVB01,98.0,195.0,198.0,94.0,184.0,195.0,2.77,0.0,11.0,0.0,0.0,0.0,365.0,11.0,6.0,11.0,195.0,6.0,11.0,195.0,100.0,365.0,365.0,0.0,0.0,0.0,365.0,0.0,0.0,0.0,198.0,0.0,0.0,198.0,195.0,365.0,365.0,0.0,0.0,0.0,0.0,0.0,0.0,0.0,0.0,0.0,166.0,49.0,166.0,195.0,18242.0,310.0,859.0,518.0,67.0,9.0,3.0,1.0,20353.0,19.0,8.0,5.0,28.0,113.0,181.0,52.0,99.0,99.0,0.0,0.0,0.0,11.0,0.0,0.0,0.0,365.0,365.0,0.0,0.0,0.0,471.0,0.0,0.0,471.0,0.0,0.0,0.0,0.0,39.0,195.0,0.0,0.0,0.0,00:23:31:44,100.0,900.0
Sep 25 2023 - 06:45:00,Sep 25 2023 - 07:00:00,BY2720,27201,10.28.73.148,MNG-KNVVB01,100.0,175.0,175.0,98.0,172.0,175.0,2.31,0.0,3.0,0.0,0.0,0.0,337.0,3.0,2.0,3.0,175.0,2.0,3.0,175.0,98.0,337.0,345.0,0.0,0.0,0.0,345.0,0.0,0.0,0.0,175.0,0.0,0.0,175.0,175.0,345.0,337.0,0.0,0.0,0.0,0.0,0.0,0.0,0.0,0.0,0.0,138.0,45.0,138.0,175.0,15041.0,284.0,745.0,534.0,46.0,0.0,0.0,0.0,16867.0,27.0,21.0,15.0,16.0,98.0,207.0,64.0,98.0,98.0,0.0,0.0,0.0,3.0,0.0,0.0,0.0,345.0,337.0,0.0,0.0,0.0,412.0,0.0,0.0,412.0,0.0,0.0,0.0,0.0,42.0,175.0,0.0,0.0,0.0,00:23:46:43,100.0,899.0
Sep 25 2023 - 07:00:00,Sep 25 2023 - 07:15:00,BY2720,27201,10.28.73.148,MNG-KNVVB01,98.0,222.0,226.0,98.0,218.0,222.0,2.85,0.0,4.0,0.0,0.0,0.0,384.0,4.0,2.0,4.0,222.0,2.0,4.0,222.0,99.0,384.0,387.0,0.0,0.0,0.0,387.0,0.0,0.0,0.0,226.0,0.0,0.0,226.0,222.0,387.0,384.0,0.0,0.0,0.0,0.0,0.0,0.0,0.0,0.0,0.0,171.0,44.0,171.0,222.0,18641.0,289.0,934.0,673.0,72.0,10.0,3.0,2.0,20999.0,15.0,22.0,9.0,18.0,95.0,188.0,51.0,99.0,99.0,0.0,0.0,0.0,4.0,0.0,0.0,0.0,387.0,384.0,0.0,0.0,0.0,556.0,0.0,0.0,556.0,0.0,0.0,0.0,0.0,39.0,222.0,0.0,0.0,0.0,01:00:01:43,100.0,900.0
Sep 25 2023 - 00:00:00,Sep 25 2023 - 00:15:00,TestBTS-1,19931,10.28.73.38,MNG-KNVVB01,0.0,0.0,0.0,0.0,0.0,0.0,0.0,0.0,0.0,0.0,0.0,0.0,0.0,0.0,0.0,0.0,0.0,0.0,0.0,0.0,0.0,0.0,0.0,0.0,0.0,0.0,0.0,0.0,0.0,0.0,0.0,0.0,0.0,0.0,0.0,0.0,0.0,0.0,0.0,0.0,0.0,0.0,0.0,0.0,0.0,0.0,0.0,0.0,0.0,0.0,0.0,0.0,0.0,0.0,0.0,0.0,0.0,0.0,0.0,0.0,0.0,0.0,0.0,0.0,0.0,0.0,0.0,0.0,0.0,0.0,0.0,0.0,0.0,0.0,0.0,0.0,0.0,0.0,0.0,0.0,0.0,0.0,0.0,0.0,0.0,0.0,0.0,0.0,0.0,0.0,0.0,0.0,0.0,00:00:00:00,0.0,0.0
Sep 25 2023 - 00:15:00,Sep 25 2023 - 00:30:00,TestBTS-1,19931,10.28.73.38,MNG-KNVVB01,0.0,0.0,0.0,0.0,0.0,0.0,0.0,0.0,0.0,0.0,0.0,0.0,0.0,0.0,0.0,0.0,0.0,0.0,0.0,0.0,0.0,0.0,0.0,0.0,0.0,0.0,0.0,0.0,0.0,0.0,0.0,0.0,0.0,0.0,0.0,0.0,0.0,0.0,0.0,0.0,0.0,0.0,0.0,0.0,0.0,0.0,0.0,0.0,0.0,0.0,0.0,0.0,0.0,0.0,0.0,0.0,0.0,0.0,0.0,0.0,0.0,0.0,0.0,0.0,0.0,0.0,0.0,0.0,0.0,0.0,0.0,0.0,0.0,0.0,0.0,0.0,0.0,0.0,0.0,0.0,0.0,0.0,0.0,0.0,0.0,0.0,0.0,0.0,0.0,0.0,0.0,0.0,0.0,00:00:00:00,0.0,0.0
Sep 25 2023 - 00:30:00,Sep 25 2023 - 00:45:00,TestBTS-1,19931,10.28.73.38,MNG-KNVVB01,0.0,0.0,0.0,0.0,0.0,0.0,0.0,0.0,0.0,0.0,0.0,0.0,0.0,0.0,0.0,0.0,0.0,0.0,0.0,0.0,0.0,0.0,0.0,0.0,0.0,0.0,0.0,0.0,0.0,0.0,0.0,0.0,0.0,0.0,0.0,0.0,0.0,0.0,0.0,0.0,0.0,0.0,0.0,0.0,0.0,0.0,0.0,0.0,0.0,0.0,0.0,0.0,0.0,0.0,0.0,0.0,0.0,0.0,0.0,0.0,0.0,0.0,0.0,0.0,0.0,0.0,0.0,0.0,0.0,0.0,0.0,0.0,0.0,0.0,0.0,0.0,0.0,0.0,0.0,0.0,0.0,0.0,0.0,0.0,0.0,0.0,0.0,0.0,0.0,0.0,0.0,0.0,0.0,00:00:00:00,0.0,0.0
Sep 25 2023 - 00:45:00,Sep 25 2023 - 01:00:00,TestBTS-1,19931,10.28.73.38,MNG-KNVVB01,0.0,0.0,0.0,0.0,0.0,0.0,0.0,0.0,0.0,0.0,0.0,0.0,0.0,0.0,0.0,0.0,0.0,0.0,0.0,0.0,0.0,0.0,0.0,0.0,0.0,0.0,0.0,0.0,0.0,0.0,0.0,0.0,0.0,0.0,0.0,0.0,0.0,0.0,0.0,0.0,0.0,0.0,0.0,0.0,0.0,0.0,0.0,0.0,0.0,0.0,0.0,0.0,0.0,0.0,0.0,0.0,0.0,0.0,0.0,0.0,0.0,0.0,0.0,0.0,0.0,0.0,0.0,0.0,0.0,0.0,0.0,0.0,0.0,0.0,0.0,0.0,0.0,0.0,0.0,0.0,0.0,0.0,0.0,0.0,0.0,0.0,0.0,0.0,0.0,0.0,0.0,0.0,0.0,00:00:00:00,0.0,0.0
Sep 25 2023 - 01:00:00,Sep 25 2023 - 01:15:00,TestBTS-1,19931,10.28.73.38,MNG-KNVVB01,0.0,0.0,0.0,0.0,0.0,0.0,0.0,0.0,0.0,0.0,0.0,0.0,0.0,0.0,0.0,0.0,0.0,0.0,0.0,0.0,0.0,0.0,0.0,0.0,0.0,0.0,0.0,0.0,0.0,0.0,0.0,0.0,0.0,0.0,0.0,0.0,0.0,0.0,0.0,0.0,0.0,0.0,0.0,0.0,0.0,0.0,0.0,0.0,0.0,0.0,0.0,0.0,0.0,0.0,0.0,0.0,0.0,0.0,0.0,0.0,0.0,0.0,0.0,0.0,0.0,0.0,0.0,0.0,0.0,0.0,0.0,0.0,0.0,0.0,0.0,0.0,0.0,0.0,0.0,0.0,0.0,0.0,0.0,0.0,0.0,0.0,0.0,0.0,0.0,0.0,0.0,0.0,0.0,00:00:00:00,0.0,0.0
Sep 25 2023 - 01:15:00,Sep 25 2023 - 01:30:00,TestBTS-1,19931,10.28.73.38,MNG-KNVVB01,0.0,0.0,0.0,0.0,0.0,0.0,0.0,0.0,0.0,0.0,0.0,0.0,0.0,0.0,0.0,0.0,0.0,0.0,0.0,0.0,0.0,0.0,0.0,0.0,0.0,0.0,0.0,0.0,0.0,0.0,0.0,0.0,0.0,0.0,0.0,0.0,0.0,0.0,0.0,0.0,0.0,0.0,0.0,0.0,0.0,0.0,0.0,0.0,0.0,0.0,0.0,0.0,0.0,0.0,0.0,0.0,0.0,0.0,0.0,0.0,0.0,0.0,0.0,0.0,0.0,0.0,0.0,0.0,0.0,0.0,0.0,0.0,0.0,0.0,0.0,0.0,0.0,0.0,0.0,0.0,0.0,0.0,0.0,0.0,0.0,0.0,0.0,0.0,0.0,0.0,0.0,0.0,0.0,00:00:00:00,0.0,0.0
Sep 25 2023 - 01:30:00,Sep 25 2023 - 01:45:00,TestBTS-1,19931,10.28.73.38,MNG-KNVVB01,0.0,0.0,0.0,0.0,0.0,0.0,0.0,0.0,0.0,0.0,0.0,0.0,0.0,0.0,0.0,0.0,0.0,0.0,0.0,0.0,0.0,0.0,0.0,0.0,0.0,0.0,0.0,0.0,0.0,0.0,0.0,0.0,0.0,0.0,0.0,0.0,0.0,0.0,0.0,0.0,0.0,0.0,0.0,0.0,0.0,0.0,0.0,0.0,0.0,0.0,0.0,0.0,0.0,0.0,0.0,0.0,0.0,0.0,0.0,0.0,0.0,0.0,0.0,0.0,0.0,0.0,0.0,0.0,0.0,0.0,0.0,0.0,0.0,0.0,0.0,0.0,0.0,0.0,0.0,0.0,0.0,0.0,0.0,0.0,0.0,0.0,0.0,0.0,0.0,0.0,0.0,0.0,0.0,00:00:00:00,0.0,0.0
Sep 25 2023 - 01:45:00,Sep 25 2023 - 02:00:00,TestBTS-1,19931,10.28.73.38,MNG-KNVVB01,0.0,0.0,0.0,0.0,0.0,0.0,0.0,0.0,0.0,0.0,0.0,0.0,0.0,0.0,0.0,0.0,0.0,0.0,0.0,0.0,0.0,0.0,0.0,0.0,0.0,0.0,0.0,0.0,0.0,0.0,0.0,0.0,0.0,0.0,0.0,0.0,0.0,0.0,0.0,0.0,0.0,0.0,0.0,0.0,0.0,0.0,0.0,0.0,0.0,0.0,0.0,0.0,0.0,0.0,0.0,0.0,0.0,0.0,0.0,0.0,0.0,0.0,0.0,0.0,0.0,0.0,0.0,0.0,0.0,0.0,0.0,0.0,0.0,0.0,0.0,0.0,0.0,0.0,0.0,0.0,0.0,0.0,0.0,0.0,0.0,0.0,0.0,0.0,0.0,0.0,0.0,0.0,0.0,00:00:00:00,0.0,0.0
Sep 25 2023 - 02:00:00,Sep 25 2023 - 02:15:00,TestBTS-1,19931,10.28.73.38,MNG-KNVVB01,0.0,0.0,0.0,0.0,0.0,0.0,0.0,0.0,0.0,0.0,0.0,0.0,0.0,0.0,0.0,0.0,0.0,0.0,0.0,0.0,0.0,0.0,0.0,0.0,0.0,0.0,0.0,0.0,0.0,0.0,0.0,0.0,0.0,0.0,0.0,0.0,0.0,0.0,0.0,0.0,0.0,0.0,0.0,0.0,0.0,0.0,0.0,0.0,0.0,0.0,0.0,0.0,0.0,0.0,0.0,0.0,0.0,0.0,0.0,0.0,0.0,0.0,0.0,0.0,0.0,0.0,0.0,0.0,0.0,0.0,0.0,0.0,0.0,0.0,0.0,0.0,0.0,0.0,0.0,0.0,0.0,0.0,0.0,0.0,0.0,0.0,0.0,0.0,0.0,0.0,0.0,0.0,0.0,00:00:00:00,0.0,0.0
Sep 25 2023 - 02:15:00,Sep 25 2023 - 02:30:00,TestBTS-1,19931,10.28.73.38,MNG-KNVVB01,0.0,0.0,0.0,0.0,0.0,0.0,0.0,0.0,0.0,0.0,0.0,0.0,0.0,0.0,0.0,0.0,0.0,0.0,0.0,0.0,0.0,0.0,0.0,0.0,0.0,0.0,0.0,0.0,0.0,0.0,0.0,0.0,0.0,0.0,0.0,0.0,0.0,0.0,0.0,0.0,0.0,0.0,0.0,0.0,0.0,0.0,0.0,0.0,0.0,0.0,0.0,0.0,0.0,0.0,0.0,0.0,0.0,0.0,0.0,0.0,0.0,0.0,0.0,0.0,0.0,0.0,0.0,0.0,0.0,0.0,0.0,0.0,0.0,0.0,0.0,0.0,0.0,0.0,0.0,0.0,0.0,0.0,0.0,0.0,0.0,0.0,0.0,0.0,0.0,0.0,0.0,0.0,0.0,00:00:00:00,0.0,0.0
Sep 25 2023 - 02:30:00,Sep 25 2023 - 02:45:00,TestBTS-1,19931,10.28.73.38,MNG-KNVVB01,0.0,0.0,0.0,0.0,0.0,0.0,0.0,0.0,0.0,0.0,0.0,0.0,0.0,0.0,0.0,0.0,0.0,0.0,0.0,0.0,0.0,0.0,0.0,0.0,0.0,0.0,0.0,0.0,0.0,0.0,0.0,0.0,0.0,0.0,0.0,0.0,0.0,0.0,0.0,0.0,0.0,0.0,0.0,0.0,0.0,0.0,0.0,0.0,0.0,0.0,0.0,0.0,0.0,0.0,0.0,0.0,0.0,0.0,0.0,0.0,0.0,0.0,0.0,0.0,0.0,0.0,0.0,0.0,0.0,0.0,0.0,0.0,0.0,0.0,0.0,0.0,0.0,0.0,0.0,0.0,0.0,0.0,0.0,0.0,0.0,0.0,0.0,0.0,0.0,0.0,0.0,0.0,0.0,00:00:00:00,0.0,0.0
Sep 25 2023 - 02:45:00,Sep 25 2023 - 03:00:00,TestBTS-1,19931,10.28.73.38,MNG-KNVVB01,0.0,0.0,0.0,0.0,0.0,0.0,0.0,0.0,0.0,0.0,0.0,0.0,0.0,0.0,0.0,0.0,0.0,0.0,0.0,0.0,0.0,0.0,0.0,0.0,0.0,0.0,0.0,0.0,0.0,0.0,0.0,0.0,0.0,0.0,0.0,0.0,0.0,0.0,0.0,0.0,0.0,0.0,0.0,0.0,0.0,0.0,0.0,0.0,0.0,0.0,0.0,0.0,0.0,0.0,0.0,0.0,0.0,0.0,0.0,0.0,0.0,0.0,0.0,0.0,0.0,0.0,0.0,0.0,0.0,0.0,0.0,0.0,0.0,0.0,0.0,0.0,0.0,0.0,0.0,0.0,0.0,0.0,0.0,0.0,0.0,0.0,0.0,0.0,0.0,0.0,0.0,0.0,0.0,00:00:00:00,0.0,0.0
Sep 25 2023 - 03:00:00,Sep 25 2023 - 03:15:00,TestBTS-1,19931,10.28.73.38,MNG-KNVVB01,0.0,0.0,0.0,0.0,0.0,0.0,0.0,0.0,0.0,0.0,0.0,0.0,0.0,0.0,0.0,0.0,0.0,0.0,0.0,0.0,0.0,0.0,0.0,0.0,0.0,0.0,0.0,0.0,0.0,0.0,0.0,0.0,0.0,0.0,0.0,0.0,0.0,0.0,0.0,0.0,0.0,0.0,0.0,0.0,0.0,0.0,0.0,0.0,0.0,0.0,0.0,0.0,0.0,0.0,0.0,0.0,0.0,0.0,0.0,0.0,0.0,0.0,0.0,0.0,0.0,0.0,0.0,0.0,0.0,0.0,0.0,0.0,0.0,0.0,0.0,0.0,0.0,0.0,0.0,0.0,0.0,0.0,0.0,0.0,0.0,0.0,0.0,0.0,0.0,0.0,0.0,0.0,0.0,00:00:00:00,0.0,0.0
Sep 25 2023 - 03:15:00,Sep 25 2023 - 03:30:00,TestBTS-1,19931,10.28.73.38,MNG-KNVVB01,0.0,0.0,0.0,0.0,0.0,0.0,0.0,0.0,0.0,0.0,0.0,0.0,0.0,0.0,0.0,0.0,0.0,0.0,0.0,0.0,0.0,0.0,0.0,0.0,0.0,0.0,0.0,0.0,0.0,0.0,0.0,0.0,0.0,0.0,0.0,0.0,0.0,0.0,0.0,0.0,0.0,0.0,0.0,0.0,0.0,0.0,0.0,0.0,0.0,0.0,0.0,0.0,0.0,0.0,0.0,0.0,0.0,0.0,0.0,0.0,0.0,0.0,0.0,0.0,0.0,0.0,0.0,0.0,0.0,0.0,0.0,0.0,0.0,0.0,0.0,0.0,0.0,0.0,0.0,0.0,0.0,0.0,0.0,0.0,0.0,0.0,0.0,0.0,0.0,0.0,0.0,0.0,0.0,00:00:00:00,0.0,0.0
Sep 25 2023 - 03:30:00,Sep 25 2023 - 03:45:00,TestBTS-1,19931,10.28.73.38,MNG-KNVVB01,0.0,0.0,0.0,0.0,0.0,0.0,0.0,0.0,0.0,0.0,0.0,0.0,0.0,0.0,0.0,0.0,0.0,0.0,0.0,0.0,0.0,0.0,0.0,0.0,0.0,0.0,0.0,0.0,0.0,0.0,0.0,0.0,0.0,0.0,0.0,0.0,0.0,0.0,0.0,0.0,0.0,0.0,0.0,0.0,0.0,0.0,0.0,0.0,0.0,0.0,0.0,0.0,0.0,0.0,0.0,0.0,0.0,0.0,0.0,0.0,0.0,0.0,0.0,0.0,0.0,0.0,0.0,0.0,0.0,0.0,0.0,0.0,0.0,0.0,0.0,0.0,0.0,0.0,0.0,0.0,0.0,0.0,0.0,0.0,0.0,0.0,0.0,0.0,0.0,0.0,0.0,0.0,0.0,00:00:00:00,0.0,0.0
Sep 25 2023 - 03:45:00,Sep 25 2023 - 04:00:00,TestBTS-1,19931,10.28.73.38,MNG-KNVVB01,0.0,0.0,0.0,0.0,0.0,0.0,0.0,0.0,0.0,0.0,0.0,0.0,0.0,0.0,0.0,0.0,0.0,0.0,0.0,0.0,0.0,0.0,0.0,0.0,0.0,0.0,0.0,0.0,0.0,0.0,0.0,0.0,0.0,0.0,0.0,0.0,0.0,0.0,0.0,0.0,0.0,0.0,0.0,0.0,0.0,0.0,0.0,0.0,0.0,0.0,0.0,0.0,0.0,0.0,0.0,0.0,0.0,0.0,0.0,0.0,0.0,0.0,0.0,0.0,0.0,0.0,0.0,0.0,0.0,0.0,0.0,0.0,0.0,0.0,0.0,0.0,0.0,0.0,0.0,0.0,0.0,0.0,0.0,0.0,0.0,0.0,0.0,0.0,0.0,0.0,0.0,0.0,0.0,00:00:00:00,0.0,0.0
Sep 25 2023 - 04:00:00,Sep 25 2023 - 04:15:00,TestBTS-1,19931,10.28.73.38,MNG-KNVVB01,0.0,0.0,0.0,0.0,0.0,0.0,0.0,0.0,0.0,0.0,0.0,0.0,0.0,0.0,0.0,0.0,0.0,0.0,0.0,0.0,0.0,0.0,0.0,0.0,0.0,0.0,0.0,0.0,0.0,0.0,0.0,0.0,0.0,0.0,0.0,0.0,0.0,0.0,0.0,0.0,0.0,0.0,0.0,0.0,0.0,0.0,0.0,0.0,0.0,0.0,0.0,0.0,0.0,0.0,0.0,0.0,0.0,0.0,0.0,0.0,0.0,0.0,0.0,0.0,0.0,0.0,0.0,0.0,0.0,0.0,0.0,0.0,0.0,0.0,0.0,0.0,0.0,0.0,0.0,0.0,0.0,0.0,0.0,0.0,0.0,0.0,0.0,0.0,0.0,0.0,0.0,0.0,0.0,00:00:00:00,0.0,0.0
Sep 25 2023 - 04:15:00,Sep 25 2023 - 04:30:00,TestBTS-1,19931,10.28.73.38,MNG-KNVVB01,0.0,0.0,0.0,0.0,0.0,0.0,0.0,0.0,0.0,0.0,0.0,0.0,0.0,0.0,0.0,0.0,0.0,0.0,0.0,0.0,0.0,0.0,0.0,0.0,0.0,0.0,0.0,0.0,0.0,0.0,0.0,0.0,0.0,0.0,0.0,0.0,0.0,0.0,0.0,0.0,0.0,0.0,0.0,0.0,0.0,0.0,0.0,0.0,0.0,0.0,0.0,0.0,0.0,0.0,0.0,0.0,0.0,0.0,0.0,0.0,0.0,0.0,0.0,0.0,0.0,0.0,0.0,0.0,0.0,0.0,0.0,0.0,0.0,0.0,0.0,0.0,0.0,0.0,0.0,0.0,0.0,0.0,0.0,0.0,0.0,0.0,0.0,0.0,0.0,0.0,0.0,0.0,0.0,00:00:00:00,0.0,0.0
Sep 25 2023 - 04:30:00,Sep 25 2023 - 04:45:00,TestBTS-1,19931,10.28.73.38,MNG-KNVVB01,0.0,0.0,0.0,0.0,0.0,0.0,0.0,0.0,0.0,0.0,0.0,0.0,0.0,0.0,0.0,0.0,0.0,0.0,0.0,0.0,0.0,0.0,0.0,0.0,0.0,0.0,0.0,0.0,0.0,0.0,0.0,0.0,0.0,0.0,0.0,0.0,0.0,0.0,0.0,0.0,0.0,0.0,0.0,0.0,0.0,0.0,0.0,0.0,0.0,0.0,0.0,0.0,0.0,0.0,0.0,0.0,0.0,0.0,0.0,0.0,0.0,0.0,0.0,0.0,0.0,0.0,0.0,0.0,0.0,0.0,0.0,0.0,0.0,0.0,0.0,0.0,0.0,0.0,0.0,0.0,0.0,0.0,0.0,0.0,0.0,0.0,0.0,0.0,0.0,0.0,0.0,0.0,0.0,00:00:00:00,0.0,0.0
Sep 25 2023 - 04:45:00,Sep 25 2023 - 05:00:00,TestBTS-1,19931,10.28.73.38,MNG-KNVVB01,0.0,0.0,0.0,0.0,0.0,0.0,0.0,0.0,0.0,0.0,0.0,0.0,0.0,0.0,0.0,0.0,0.0,0.0,0.0,0.0,0.0,0.0,0.0,0.0,0.0,0.0,0.0,0.0,0.0,0.0,0.0,0.0,0.0,0.0,0.0,0.0,0.0,0.0,0.0,0.0,0.0,0.0,0.0,0.0,0.0,0.0,0.0,0.0,0.0,0.0,0.0,0.0,0.0,0.0,0.0,0.0,0.0,0.0,0.0,0.0,0.0,0.0,0.0,0.0,0.0,0.0,0.0,0.0,0.0,0.0,0.0,0.0,0.0,0.0,0.0,0.0,0.0,0.0,0.0,0.0,0.0,0.0,0.0,0.0,0.0,0.0,0.0,0.0,0.0,0.0,0.0,0.0,0.0,00:00:00:00,0.0,0.0
Sep 25 2023 - 05:00:00,Sep 25 2023 - 05:15:00,TestBTS-1,19931,10.28.73.38,MNG-KNVVB01,0.0,0.0,0.0,0.0,0.0,0.0,0.0,0.0,0.0,0.0,0.0,0.0,0.0,0.0,0.0,0.0,0.0,0.0,0.0,0.0,0.0,0.0,0.0,0.0,0.0,0.0,0.0,0.0,0.0,0.0,0.0,0.0,0.0,0.0,0.0,0.0,0.0,0.0,0.0,0.0,0.0,0.0,0.0,0.0,0.0,0.0,0.0,0.0,0.0,0.0,0.0,0.0,0.0,0.0,0.0,0.0,0.0,0.0,0.0,0.0,0.0,0.0,0.0,0.0,0.0,0.0,0.0,0.0,0.0,0.0,0.0,0.0,0.0,0.0,0.0,0.0,0.0,0.0,0.0,0.0,0.0,0.0,0.0,0.0,0.0,0.0,0.0,0.0,0.0,0.0,0.0,0.0,0.0,00:00:00:00,0.0,0.0
Sep 25 2023 - 05:15:00,Sep 25 2023 - 05:30:00,TestBTS-1,19931,10.28.73.38,MNG-KNVVB01,0.0,0.0,0.0,0.0,0.0,0.0,0.0,0.0,0.0,0.0,0.0,0.0,0.0,0.0,0.0,0.0,0.0,0.0,0.0,0.0,0.0,0.0,0.0,0.0,0.0,0.0,0.0,0.0,0.0,0.0,0.0,0.0,0.0,0.0,0.0,0.0,0.0,0.0,0.0,0.0,0.0,0.0,0.0,0.0,0.0,0.0,0.0,0.0,0.0,0.0,0.0,0.0,0.0,0.0,0.0,0.0,0.0,0.0,0.0,0.0,0.0,0.0,0.0,0.0,0.0,0.0,0.0,0.0,0.0,0.0,0.0,0.0,0.0,0.0,0.0,0.0,0.0,0.0,0.0,0.0,0.0,0.0,0.0,0.0,0.0,0.0,0.0,0.0,0.0,0.0,0.0,0.0,0.0,00:00:00:00,0.0,0.0
Sep 25 2023 - 05:30:00,Sep 25 2023 - 05:45:00,TestBTS-1,19931,10.28.73.38,MNG-KNVVB01,0.0,0.0,0.0,0.0,0.0,0.0,0.0,0.0,0.0,0.0,0.0,0.0,0.0,0.0,0.0,0.0,0.0,0.0,0.0,0.0,0.0,0.0,0.0,0.0,0.0,0.0,0.0,0.0,0.0,0.0,0.0,0.0,0.0,0.0,0.0,0.0,0.0,0.0,0.0,0.0,0.0,0.0,0.0,0.0,0.0,0.0,0.0,0.0,0.0,0.0,0.0,0.0,0.0,0.0,0.0,0.0,0.0,0.0,0.0,0.0,0.0,0.0,0.0,0.0,0.0,0.0,0.0,0.0,0.0,0.0,0.0,0.0,0.0,0.0,0.0,0.0,0.0,0.0,0.0,0.0,0.0,0.0,0.0,0.0,0.0,0.0,0.0,0.0,0.0,0.0,0.0,0.0,0.0,00:00:00:00,0.0,0.0
Sep 25 2023 - 05:45:00,Sep 25 2023 - 06:00:00,TestBTS-1,19931,10.28.73.38,MNG-KNVVB01,0.0,0.0,0.0,0.0,0.0,0.0,0.0,0.0,0.0,0.0,0.0,0.0,0.0,0.0,0.0,0.0,0.0,0.0,0.0,0.0,0.0,0.0,0.0,0.0,0.0,0.0,0.0,0.0,0.0,0.0,0.0,0.0,0.0,0.0,0.0,0.0,0.0,0.0,0.0,0.0,0.0,0.0,0.0,0.0,0.0,0.0,0.0,0.0,0.0,0.0,0.0,0.0,0.0,0.0,0.0,0.0,0.0,0.0,0.0,0.0,0.0,0.0,0.0,0.0,0.0,0.0,0.0,0.0,0.0,0.0,0.0,0.0,0.0,0.0,0.0,0.0,0.0,0.0,0.0,0.0,0.0,0.0,0.0,0.0,0.0,0.0,0.0,0.0,0.0,0.0,0.0,0.0,0.0,00:00:00:00,0.0,0.0
Sep 25 2023 - 06:00:00,Sep 25 2023 - 06:15:00,TestBTS-1,19931,10.28.73.38,MNG-KNVVB01,0.0,0.0,0.0,0.0,0.0,0.0,0.0,0.0,0.0,0.0,0.0,0.0,0.0,0.0,0.0,0.0,0.0,0.0,0.0,0.0,0.0,0.0,0.0,0.0,0.0,0.0,0.0,0.0,0.0,0.0,0.0,0.0,0.0,0.0,0.0,0.0,0.0,0.0,0.0,0.0,0.0,0.0,0.0,0.0,0.0,0.0,0.0,0.0,0.0,0.0,0.0,0.0,0.0,0.0,0.0,0.0,0.0,0.0,0.0,0.0,0.0,0.0,0.0,0.0,0.0,0.0,0.0,0.0,0.0,0.0,0.0,0.0,0.0,0.0,0.0,0.0,0.0,0.0,0.0,0.0,0.0,0.0,0.0,0.0,0.0,0.0,0.0,0.0,0.0,0.0,0.0,0.0,0.0,00:00:00:00,0.0,0.0
Sep 25 2023 - 06:15:00,Sep 25 2023 - 06:30:00,TestBTS-1,19931,10.28.73.38,MNG-KNVVB01,0.0,0.0,0.0,0.0,0.0,0.0,0.0,0.0,0.0,0.0,0.0,0.0,0.0,0.0,0.0,0.0,0.0,0.0,0.0,0.0,0.0,0.0,0.0,0.0,0.0,0.0,0.0,0.0,0.0,0.0,0.0,0.0,0.0,0.0,0.0,0.0,0.0,0.0,0.0,0.0,0.0,0.0,0.0,0.0,0.0,0.0,0.0,0.0,0.0,0.0,0.0,0.0,0.0,0.0,0.0,0.0,0.0,0.0,0.0,0.0,0.0,0.0,0.0,0.0,0.0,0.0,0.0,0.0,0.0,0.0,0.0,0.0,0.0,0.0,0.0,0.0,0.0,0.0,0.0,0.0,0.0,0.0,0.0,0.0,0.0,0.0,0.0,0.0,0.0,0.0,0.0,0.0,0.0,00:00:00:00,0.0,0.0
Sep 25 2023 - 06:30:00,Sep 25 2023 - 06:45:00,TestBTS-1,19931,10.28.73.38,MNG-KNVVB01,0.0,0.0,0.0,0.0,0.0,0.0,0.0,0.0,0.0,0.0,0.0,0.0,0.0,0.0,0.0,0.0,0.0,0.0,0.0,0.0,0.0,0.0,0.0,0.0,0.0,0.0,0.0,0.0,0.0,0.0,0.0,0.0,0.0,0.0,0.0,0.0,0.0,0.0,0.0,0.0,0.0,0.0,0.0,0.0,0.0,0.0,0.0,0.0,0.0,0.0,0.0,0.0,0.0,0.0,0.0,0.0,0.0,0.0,0.0,0.0,0.0,0.0,0.0,0.0,0.0,0.0,0.0,0.0,0.0,0.0,0.0,0.0,0.0,0.0,0.0,0.0,0.0,0.0,0.0,0.0,0.0,0.0,0.0,0.0,0.0,0.0,0.0,0.0,0.0,0.0,0.0,0.0,0.0,00:00:00:00,0.0,0.0
Sep 25 2023 - 06:45:00,Sep 25 2023 - 07:00:00,TestBTS-1,19931,10.28.73.38,MNG-KNVVB01,0.0,0.0,0.0,0.0,0.0,0.0,0.0,0.0,0.0,0.0,0.0,0.0,0.0,0.0,0.0,0.0,0.0,0.0,0.0,0.0,0.0,0.0,0.0,0.0,0.0,0.0,0.0,0.0,0.0,0.0,0.0,0.0,0.0,0.0,0.0,0.0,0.0,0.0,0.0,0.0,0.0,0.0,0.0,0.0,0.0,0.0,0.0,0.0,0.0,0.0,0.0,0.0,0.0,0.0,0.0,0.0,0.0,0.0,0.0,0.0,0.0,0.0,0.0,0.0,0.0,0.0,0.0,0.0,0.0,0.0,0.0,0.0,0.0,0.0,0.0,0.0,0.0,0.0,0.0,0.0,0.0,0.0,0.0,0.0,0.0,0.0,0.0,0.0,0.0,0.0,0.0,0.0,0.0,00:00:00:00,0.0,0.0
Sep 25 2023 - 07:00:00,Sep 25 2023 - 07:15:00,TestBTS-1,19931,10.28.73.38,MNG-KNVVB01,0.0,0.0,0.0,0.0,0.0,0.0,0.0,0.0,0.0,0.0,0.0,0.0,0.0,0.0,0.0,0.0,0.0,0.0,0.0,0.0,0.0,0.0,0.0,0.0,0.0,0.0,0.0,0.0,0.0,0.0,0.0,0.0,0.0,0.0,0.0,0.0,0.0,0.0,0.0,0.0,0.0,0.0,0.0,0.0,0.0,0.0,0.0,0.0,0.0,0.0,0.0,0.0,0.0,0.0,0.0,0.0,0.0,0.0,0.0,0.0,0.0,0.0,0.0,0.0,0.0,0.0,0.0,0.0,0.0,0.0,0.0,0.0,0.0,0.0,0.0,0.0,0.0,0.0,0.0,0.0,0.0,0.0,0.0,0.0,0.0,0.0,0.0,0.0,0.0,0.0,0.0,0.0,0.0,00:00:00:00,0.0,0.0
