Start Time,End Time,BTS Name,Cell ID,BTS IP Address,BSC Name,DL PS Erlangs,UL PS Erlangs,Total Data Calls,Total Downlink Data In KByte,Total Uplink Data In KByte,Downlink Data Throughput In Kbps,Downlink Data Throughput In Kbps - NR,Downlink Data Throughput In Kbps - DR,Uplink Data Throughput In Kbps,Uplink Data Throughput In Kbps - NR,Uplink Data Throughput In Kbps - DR,DL Tbf Drop Rate,DL Tbf Drop Rate - NR,DL Tbf Drop Rate - DR,UL Tbf Drop Rate,UL Tbf Drop Rate - NR,UL Tbf Drop Rate - DR,Egprs Downlink Data Throughput In Kbps,Egprs Downlink Data Throughput In Kbps - NR,Egprs Downlink Data Throughput In Kbps - DR,Egprs Uplink Data Throughput In Kbps,Egprs Uplink Data Throughput In Kbps - NR,Egprs Uplink Data Throughput In Kbps - DR,Gprs Downlink Data Throughput In Kbps,Gprs Downlink Data Throughput In Kbps - NR,Gprs Downlink Data Throughput In Kbps - DR,Gprs Uplink Data Throughput In Kbps,Gprs Uplink Data Throughput In Kbps - NR,Gprs Uplink Data Throughput In Kbps - DR,Downlink Data Retransmission Rate,Downlink Data Retransmission Rate - NR,Downlink Data Retransmission Rate - DR,Uplink Data Retransmission Rate,Uplink Data Retransmission Rate - NR,Uplink Data Retransmission Rate - DR,Gprs Uplink Tbf Blocking Rate,Gprs Uplink Tbf Blocking Rate - NR,Gprs Uplink Tbf Blocking Rate - DR,Gprs Downlink Tbf Blocking Rate,Gprs Downlink Tbf Blocking Rate - NR,Gprs Downlink Tbf Blocking Rate - DR,Egprs Downlink Tbf Blocking Rate,Egprs Downlink Tbf Blocking Rate - NR,Egprs Downlink Tbf Blocking Rate - DR,Egprs Uplink Tbf Blocking Rate,Egprs Uplink Tbf Blocking Rate - NR,Egprs Uplink Tbf Blocking Rate - DR,DL Tbf Establishment Success Rate,DL Tbf Establishment Success Rate - NR,DL Tbf Establishment Success Rate - DR,UL Tbf Establishment Success Rate,UL Tbf Establishment Success Rate - NR,UL Tbf Establishment Success Rate - DR,GprsDownlinkTbfReallocationAttempts,GprsDownlinkTbfReallocationSuccess,GprsUplinkTbfReallocationAttempts,GprsUplinkTbfReallocationSuccess,EgprsDownlinkTbfReallocationAttempts,EgprsDownlinkTbfReallocationSuccess,EgprsUplinkTbfReallocationAttempts,EgprsUplinkTbfReallocationSuccess,DlMcs1Count,DlMcs2Count,DlMcs3Count,DlMcs4Count,DlMcs5Count,DlMcs6Count,DlMcs7Count,DlMcs8Count,DlMcs9Count,UlMcs1Count,UlMcs2Count,UlMcs3Count,UlMcs4Count,UlMcs5Count,UlMcs6Count,UlMcs7Count,UlMcs8Count,UlMcs9Count,DlCs1Count,DlCs2Count,DlCs3Count,DlCs4Count,UlCs1Count,UlCs2Count,UlCs3Count,UlCs4Count,EgprsDl10PercentileMeanThroughput,EgprsDl20PercentileMeanThroughput,EgprsDl30PercentileMeanThroughput,EgprsDl40PercentileMeanThroughput,EgprsDl50PercentileMeanThroughput,EgprsDl60PercentileMeanThroughput,EgprsDl70PercentileMeanThroughput,EgprsDl80PercentileMeanThroughput,EgprsDl90PercentileMeanThroughput,EgprsDl10PercentileMeanLlcFrameDelay,EgprsDl20PercentileMeanLlcFrameDelay,EgprsDl30PercentileMeanLlcFrameDelay,EgprsDl40PercentileMeanLlcFrameDelay,EgprsDl50PercentileMeanLlcFrameDelay,EgprsDl60PercentileMeanLlcFrameDelay,EgprsDl70PercentileMeanLlcFrameDelay,EgprsDl80PercentileMeanLlcFrameDelay,EgprsDl90PercentileMeanLlcFrameDelay,EgprsDl10PercentileSampleSize,EgprsDl20PercentileSampleSize,EgprsDl30PercentileSampleSize,EgprsDl40PercentileSampleSize,EgprsDl50PercentileSampleSize,EgprsDl60PercentileSampleSize,EgprsDl70PercentileSampleSize,EgprsDl80PercentileSampleSize,EgprsDl90PercentileSampleSize,EgprsUl10PercentileMeanThroughput,EgprsUl20PercentileMeanThroughput,EgprsUl30PercentileMeanThroughput,EgprsUl40PercentileMeanThroughput,EgprsUl50PercentileMeanThroughput,EgprsUl60PercentileMeanThroughput,EgprsUl70PercentileMeanThroughput,EgprsUl80PercentileMeanThroughput,EgprsUl90PercentileMeanThroughput,EgprsUl10PercentileSampleSize,EgprsUl20PercentileSampleSize,EgprsUl30PercentileSampleSize,EgprsUl40PercentileSampleSize,EgprsUl50PercentileSampleSize,EgprsUl60PercentileSampleSize,EgprsUl70PercentileSampleSize,EgprsUl80PercentileSampleSize,EgprsUl90PercentileSampleSize,GprsDl10PercentileMeanThroughput,GprsDl20PercentileMeanThroughput,GprsDl30PercentileMeanThroughput,GprsDl40PercentileMeanThroughput,GprsDl50PercentileMeanThroughput,GprsDl60PercentileMeanThroughput,GprsDl70PercentileMeanThroughput,GprsDl80PercentileMeanThroughput,GprsDl90PercentileMeanThroughput,GprsDl10PercentileMeanLlcFrameDelay,GprsDl20PercentileMeanLlcFrameDelay,GprsDl30PercentileMeanLlcFrameDelay,GprsDl40PercentileMeanLlcFrameDelay,GprsDl50PercentileMeanLlcFrameDelay,GprsDl60PercentileMeanLlcFrameDelay,GprsDl70PercentileMeanLlcFrameDelay,GprsDl80PercentileMeanLlcFrameDelay,GprsDl90PercentileMeanLlcFrameDelay,GprsDl10PercentileSampleSize,GprsDl20PercentileSampleSize,GprsDl30PercentileSampleSize,GprsDl40PercentileSampleSize,GprsDl50PercentileSampleSize,GprsDl60PercentileSampleSize,GprsDl70PercentileSampleSize,GprsDl80PercentileSampleSize,GprsDl90PercentileSampleSize,GprsUl10PercentileMeanThroughput,GprsUl20PercentileMeanThroughput,GprsUl30PercentileMeanThroughput,GprsUl40PercentileMeanThroughput,GprsUl50PercentileMeanThroughput,GprsUl60PercentileMeanThroughput,GprsUl70PercentileMeanThroughput,GprsUl80PercentileMeanThroughput,GprsUl90PercentileMeanThroughput,GprsUl10PercentileSampleSize,GprsUl20PercentileSampleSize,GprsUl30PercentileSampleSize,GprsUl40PercentileSampleSize,GprsUl50PercentileSampleSize,GprsUl60PercentileSampleSize,GprsUl70PercentileSampleSize,GprsUl80PercentileSampleSize,GprsUl90PercentileSampleSize,Uplink Tbf Assignment Success Rate,Uplink Tbf Assignment Success Rate - NR,Uplink Tbf Assignment Success Rate - DR,Downlink Tbf Assignment Success Rate,Downlink Tbf Assignment Success Rate - NR,Downlink Tbf Assignment Success Rate - DR,BSS Paging Coordinated Count,PCU Up Time
Sep 25 2023 - 00:00:00,Sep 25 2023 - 00:15:00,ED4859-PCU,48591,10.28.73.18,MNG-KNVVB01,0.29,0.13,358.0,563.0,251.0,12.78,4500.39,352.19,9.75,2010.73,206.32,2.0,2.0,89.0,1.0,3.0,269.0,14.96,3059.86,204.5,9.27,1409.59,152.01,9.75,1440.53,147.69,11.07,601.15,54.31,3.0,387.0,11694.0,0.0,7.0,7736.0,0.0,0.0,188.0,0.0,0.0,21.0,0.0,0.0,73.0,0.0,0.0,85.0,69.0,61.0,89.0,97.0,261.0,269.0,0.0,0.0,0.0,0.0,3.0,3.0,2.0,2.0,0.0,0.0,0.0,0.0,0.0,5434.0,0.0,0.0,0.0,0.0,0.0,5041.0,0.0,0.0,0.0,0.0,0.0,0.0,0.0,6260.0,0.0,0.0,0.0,0.0,0.0,2702.0,4332.0,4729.0,5260.0,5825.0,6535.0,7710.0,9290.0,12722.0,20946.0,160.0,177.0,203.0,231.0,266.0,320.0,377.0,424.0,452.0,58.0,52.0,45.0,39.0,33.0,26.0,20.0,13.0,7.0,13999.0,15691.0,17825.0,20212.0,24042.0,29827.0,37841.0,55833.0,103866.0,61.0,54.0,47.0,41.0,34.0,27.0,21.0,14.0,7.0,1172.0,1218.0,1248.0,1261.0,1278.0,1291.0,1306.0,1330.0,1385.0,195.0,218.0,247.0,269.0,295.0,331.0,385.0,485.0,591.0,9.0,8.0,7.0,6.0,5.0,4.0,3.0,2.0,1.0,2772.0,2772.0,3151.0,3151.0,3768.0,3768.0,4896.0,4896.0,7759.0,5.0,5.0,4.0,4.0,3.0,3.0,2.0,2.0,1.0,100.0,271.0,271.0,100.0,91.0,91.0,3.0,00:09:48:52
Sep 25 2023 - 00:15:00,Sep 25 2023 - 00:30:00,ED4859-PCU,48591,10.28.73.18,MNG-KNVVB01,0.26,0.1,289.0,366.0,169.0,11.78,2924.47,248.16,11.62,1348.23,116.07,0.0,0.0,98.0,1.0,1.0,191.0,12.13,1382.2,113.95,8.31,702.68,84.54,11.49,1542.27,134.21,20.47,645.55,31.53,2.0,184.0,9189.0,0.0,0.0,5454.0,0.0,0.0,106.0,0.0,0.0,4.0,0.0,0.0,92.0,0.0,0.0,83.0,69.0,68.0,98.0,98.0,188.0,191.0,0.0,0.0,0.0,0.0,0.0,0.0,0.0,0.0,0.0,0.0,0.0,0.0,0.0,2520.0,0.0,0.0,0.0,0.0,0.0,2584.0,0.0,0.0,0.0,0.0,0.0,0.0,0.0,6669.0,0.0,0.0,0.0,0.0,0.0,2870.0,1651.0,1787.0,1941.0,2127.0,2353.0,2625.0,2901.0,3315.0,4004.0,50.0,55.0,62.0,71.0,83.0,99.0,122.0,160.0,235.0,55.0,49.0,43.0,37.0,31.0,25.0,19.0,13.0,7.0,1969.0,2052.0,2142.0,2246.0,2385.0,2585.0,2897.0,3444.0,4845.0,46.0,41.0,36.0,31.0,26.0,21.0,16.0,11.0,6.0,1246.0,1311.0,1349.0,1399.0,1426.0,1453.0,1478.0,1518.0,1631.0,393.0,440.0,501.0,581.0,658.0,772.0,781.0,792.0,818.0,9.0,8.0,7.0,6.0,5.0,4.0,3.0,2.0,1.0,1677.0,1677.0,1730.0,1730.0,1730.0,1811.0,1811.0,1953.0,1953.0,4.0,4.0,3.0,3.0,3.0,2.0,2.0,1.0,1.0,100.0,189.0,189.0,100.0,96.0,96.0,1.0,00:10:03:52
Sep 25 2023 - 00:30:00,Sep 25 2023 - 00:45:00,ED4859-PCU,48591,10.28.73.18,MNG-KNVVB01,0.12,0.03,114.0,13.0,8.0,1.89,103.66,54.77,2.25,67.18,29.87,2.0,1.0,56.0,0.0,0.0,58.0,1.89,103.66,54.77,2.25,67.18,29.87,0.0,0.0,0.0,0.0,0.0,0.0,2.0,5.0,227.0,0.0,0.0,270.0,0.0,0.0,0.0,0.0,0.0,0.0,0.0,0.0,57.0,0.0,0.0,58.0,59.0,33.0,56.0,100.0,58.0,58.0,0.0,0.0,0.0,0.0,0.0,0.0,0.0,0.0,0.0,0.0,0.0,0.0,0.0,227.0,0.0,0.0,0.0,0.0,0.0,270.0,0.0,0.0,0.0,0.0,0.0,0.0,0.0,0.0,0.0,0.0,0.0,0.0,0.0,0.0,1651.0,1787.0,1941.0,2127.0,2353.0,2625.0,2901.0,3315.0,4004.0,50.0,55.0,62.0,71.0,83.0,99.0,122.0,160.0,235.0,55.0,49.0,43.0,37.0,31.0,25.0,19.0,13.0,7.0,1969.0,2052.0,2142.0,2246.0,2385.0,2585.0,2897.0,3444.0,4845.0,46.0,41.0,36.0,31.0,26.0,21.0,16.0,11.0,6.0,1246.0,1311.0,1349.0,1399.0,1426.0,1453.0,1478.0,1518.0,1631.0,393.0,440.0,501.0,581.0,658.0,772.0,781.0,792.0,818.0,9.0,8.0,7.0,6.0,5.0,4.0,3.0,2.0,1.0,1677.0,1677.0,1730.0,1730.0,1730.0,1811.0,1811.0,1953.0,1953.0,4.0,4.0,3.0,3.0,3.0,2.0,2.0,1.0,1.0,100.0,58.0,58.0,100.0,57.0,57.0,0.0,00:10:18:52
Sep 25 2023 - 00:45:00,Sep 25 2023 - 01:00:00,ED4859-PCU,48591,10.28.73.18,MNG-KNVVB01,0.13,0.04,110.0,159.0,66.0,9.4,1269.27,134.99,4.72,524.4,110.99,0.0,0.0,55.0,11.0,6.0,55.0,9.43,1269.12,134.56,4.73,524.12,110.77,0.35,0.15,0.43,1.24,0.27,0.22,0.0,11.0,2265.0,0.0,0.0,1891.0,0.0,0.0,3.0,0.0,0.0,1.0,0.0,0.0,53.0,0.0,0.0,52.0,73.0,40.0,55.0,100.0,55.0,55.0,0.0,0.0,0.0,0.0,0.0,0.0,0.0,0.0,0.0,0.0,0.0,0.0,0.0,2263.0,0.0,0.0,0.0,0.0,0.0,1888.0,0.0,0.0,0.0,0.0,0.0,0.0,0.0,2.0,0.0,0.0,0.0,0.0,0.0,3.0,1651.0,1787.0,1941.0,2127.0,2353.0,2625.0,2901.0,3315.0,4004.0,50.0,55.0,62.0,71.0,83.0,99.0,122.0,160.0,235.0,55.0,49.0,43.0,37.0,31.0,25.0,19.0,13.0,7.0,1969.0,2052.0,2142.0,2246.0,2385.0,2585.0,2897.0,3444.0,4845.0,46.0,41.0,36.0,31.0,26.0,21.0,16.0,11.0,6.0,1246.0,1311.0,1349.0,1399.0,1426.0,1453.0,1478.0,1518.0,1631.0,393.0,440.0,501.0,581.0,658.0,772.0,781.0,792.0,818.0,9.0,8.0,7.0,6.0,5.0,4.0,3.0,2.0,1.0,1677.0,1677.0,1730.0,1730.0,1730.0,1811.0,1811.0,1953.0,1953.0,4.0,4.0,3.0,3.0,3.0,2.0,2.0,1.0,1.0,100.0,55.0,55.0,100.0,54.0,54.0,0.0,00:10:33:52
Sep 25 2023 - 01:00:00,Sep 25 2023 - 01:15:00,ED4859-PCU,48591,10.28.73.18,MNG-KNVVB01,0.12,0.04,110.0,68.0,29.0,13.23,545.26,41.22,4.32,233.08,53.9,0.0,0.0,57.0,4.0,2.0,53.0,13.62,544.45,39.96,4.38,229.73,52.49,0.64,0.81,1.26,2.37,3.34,1.41,1.0,6.0,1007.0,0.0,0.0,856.0,0.0,0.0,4.0,0.0,0.0,8.0,0.0,0.0,49.0,0.0,0.0,49.0,58.0,33.0,57.0,100.0,53.0,53.0,0.0,0.0,0.0,0.0,0.0,0.0,0.0,0.0,0.0,0.0,0.0,0.0,0.0,1001.0,0.0,0.0,0.0,0.0,0.0,840.0,0.0,0.0,0.0,0.0,0.0,0.0,0.0,6.0,0.0,0.0,0.0,0.0,0.0,16.0,1651.0,1787.0,1941.0,2127.0,2353.0,2625.0,2901.0,3315.0,4004.0,50.0,55.0,62.0,71.0,83.0,99.0,122.0,160.0,235.0,55.0,49.0,43.0,37.0,31.0,25.0,19.0,13.0,7.0,1969.0,2052.0,2142.0,2246.0,2385.0,2585.0,2897.0,3444.0,4845.0,46.0,41.0,36.0,31.0,26.0,21.0,16.0,11.0,6.0,1246.0,1311.0,1349.0,1399.0,1426.0,1453.0,1478.0,1518.0,1631.0,393.0,440.0,501.0,581.0,658.0,772.0,781.0,792.0,818.0,9.0,8.0,7.0,6.0,5.0,4.0,3.0,2.0,1.0,1677.0,1677.0,1730.0,1730.0,1730.0,1811.0,1811.0,1953.0,1953.0,4.0,4.0,3.0,3.0,3.0,2.0,2.0,1.0,1.0,100.0,53.0,53.0,100.0,57.0,57.0,0.0,00:10:48:52
Sep 25 2023 - 01:15:00,Sep 25 2023 - 01:30:00,ED4859-PCU,48591,10.28.73.18,MNG-KNVVB01,0.2,0.1,146.0,551.0,266.0,17.37,4408.38,253.86,8.31,2128.91,256.23,1.0,1.0,72.0,7.0,5.0,74.0,17.43,4406.79,252.77,8.57,2125.86,248.18,1.46,1.59,1.09,0.38,3.05,8.05,8.0,642.0,7754.0,0.0,0.0,7477.0,0.0,0.0,8.0,0.0,0.0,15.0,0.0,0.0,58.0,0.0,0.0,68.0,51.0,37.0,72.0,89.0,66.0,74.0,0.0,0.0,0.0,0.0,1.0,1.0,2.0,2.0,0.0,0.0,0.0,0.0,0.0,7743.0,0.0,0.0,0.0,0.0,0.0,7461.0,0.0,0.0,0.0,0.0,0.0,0.0,0.0,11.0,0.0,0.0,0.0,0.0,0.0,16.0,1936.0,2045.0,2168.0,2312.0,2379.0,2465.0,2749.0,2874.0,3017.0,72.0,79.0,86.0,103.0,114.0,129.0,181.0,230.0,317.0,12.0,11.0,10.0,8.0,7.0,6.0,4.0,3.0,2.0,1708.0,1720.0,1730.0,1742.0,1746.0,1753.0,1758.0,1765.0,1778.0,10.0,9.0,8.0,7.0,6.0,5.0,4.0,3.0,2.0,0.0,0.0,0.0,0.0,0.0,0.0,0.0,0.0,0.0,0.0,0.0,0.0,0.0,0.0,0.0,0.0,0.0,0.0,1.0,1.0,1.0,1.0,1.0,1.0,1.0,1.0,1.0,0.0,0.0,0.0,0.0,0.0,0.0,0.0,0.0,0.0,1.0,1.0,1.0,1.0,1.0,1.0,1.0,1.0,1.0,100.0,74.0,74.0,100.0,72.0,72.0,0.0,00:11:03:52
Sep 25 2023 - 01:30:00,Sep 25 2023 - 01:45:00,ED4859-PCU,48591,10.28.73.18,MNG-KNVVB01,0.06,0.03,89.0,23.0,7.0,8.37,185.81,22.2,1.12,57.55,51.55,0.0,0.0,42.0,4.0,2.0,47.0,8.37,185.81,22.2,1.12,57.55,51.55,0.0,0.0,0.0,0.0,0.0,0.0,7.0,25.0,353.0,0.0,0.0,238.0,0.0,0.0,0.0,0.0,0.0,0.0,0.0,0.0,42.0,0.0,0.0,47.0,93.0,39.0,42.0,98.0,46.0,47.0,0.0,0.0,0.0,0.0,0.0,0.0,0.0,0.0,0.0,0.0,0.0,0.0,0.0,353.0,0.0,0.0,0.0,0.0,0.0,238.0,0.0,0.0,0.0,0.0,0.0,0.0,0.0,0.0,0.0,0.0,0.0,0.0,0.0,0.0,1936.0,2045.0,2168.0,2312.0,2379.0,2465.0,2749.0,2874.0,3017.0,72.0,79.0,86.0,103.0,114.0,129.0,181.0,230.0,317.0,12.0,11.0,10.0,8.0,7.0,6.0,4.0,3.0,2.0,1708.0,1720.0,1730.0,1742.0,1746.0,1753.0,1758.0,1765.0,1778.0,10.0,9.0,8.0,7.0,6.0,5.0,4.0,3.0,2.0,0.0,0.0,0.0,0.0,0.0,0.0,0.0,0.0,0.0,0.0,0.0,0.0,0.0,0.0,0.0,0.0,0.0,0.0,1.0,1.0,1.0,1.0,1.0,1.0,1.0,1.0,1.0,0.0,0.0,0.0,0.0,0.0,0.0,0.0,0.0,0.0,1.0,1.0,1.0,1.0,1.0,1.0,1.0,1.0,1.0,100.0,47.0,47.0,100.0,42.0,42.0,0.0,00:11:18:51
Sep 25 2023 - 01:45:00,Sep 25 2023 - 02:00:00,ED4859-PCU,48591,10.28.73.18,MNG-KNVVB01,0.05,0.03,64.0,43.0,15.0,12.12,340.44,28.1,4.73,120.21,25.4,3.0,1.0,29.0,0.0,0.0,35.0,12.12,340.44,28.1,4.73,120.21,25.4,0.0,0.0,0.0,0.0,0.0,0.0,2.0,14.0,615.0,0.0,0.0,461.0,0.0,0.0,0.0,0.0,0.0,0.0,0.0,0.0,29.0,0.0,0.0,35.0,100.0,29.0,29.0,100.0,35.0,35.0,0.0,0.0,0.0,0.0,0.0,0.0,0.0,0.0,0.0,0.0,0.0,0.0,0.0,615.0,0.0,0.0,0.0,0.0,0.0,461.0,0.0,0.0,0.0,0.0,0.0,0.0,0.0,0.0,0.0,0.0,0.0,0.0,0.0,0.0,1936.0,2045.0,2168.0,2312.0,2379.0,2465.0,2749.0,2874.0,3017.0,72.0,79.0,86.0,103.0,114.0,129.0,181.0,230.0,317.0,12.0,11.0,10.0,8.0,7.0,6.0,4.0,3.0,2.0,1708.0,1720.0,1730.0,1742.0,1746.0,1753.0,1758.0,1765.0,1778.0,10.0,9.0,8.0,7.0,6.0,5.0,4.0,3.0,2.0,0.0,0.0,0.0,0.0,0.0,0.0,0.0,0.0,0.0,0.0,0.0,0.0,0.0,0.0,0.0,0.0,0.0,0.0,1.0,1.0,1.0,1.0,1.0,1.0,1.0,1.0,1.0,0.0,0.0,0.0,0.0,0.0,0.0,0.0,0.0,0.0,1.0,1.0,1.0,1.0,1.0,1.0,1.0,1.0,1.0,100.0,35.0,35.0,100.0,29.0,29.0,0.0,00:11:33:51
Sep 25 2023 - 02:00:00,Sep 25 2023 - 02:15:00,ED4859-PCU,48591,10.28.73.18,MNG-KNVVB01,0.05,0.02,64.0,24.0,9.0,6.0,189.41,31.56,2.73,71.1,26.0,0.0,0.0,31.0,6.0,2.0,33.0,6.24,187.85,30.1,2.51,58.79,23.45,1.06,1.55,1.46,4.83,12.31,2.55,4.0,14.0,355.0,0.0,1.0,285.0,0.0,0.0,5.0,0.0,0.0,9.0,0.0,0.0,22.0,0.0,0.0,28.0,84.0,26.0,31.0,100.0,33.0,33.0,0.0,0.0,0.0,0.0,0.0,0.0,0.0,0.0,0.0,0.0,0.0,0.0,0.0,345.0,0.0,0.0,0.0,0.0,0.0,230.0,0.0,0.0,0.0,0.0,0.0,0.0,0.0,10.0,0.0,0.0,0.0,0.0,0.0,56.0,1936.0,2045.0,2168.0,2312.0,2379.0,2465.0,2749.0,2874.0,3017.0,72.0,79.0,86.0,103.0,114.0,129.0,181.0,230.0,317.0,12.0,11.0,10.0,8.0,7.0,6.0,4.0,3.0,2.0,1708.0,1720.0,1730.0,1742.0,1746.0,1753.0,1758.0,1765.0,1778.0,10.0,9.0,8.0,7.0,6.0,5.0,4.0,3.0,2.0,0.0,0.0,0.0,0.0,0.0,0.0,0.0,0.0,0.0,0.0,0.0,0.0,0.0,0.0,0.0,0.0,0.0,0.0,1.0,1.0,1.0,1.0,1.0,1.0,1.0,1.0,1.0,0.0,0.0,0.0,0.0,0.0,0.0,0.0,0.0,0.0,1.0,1.0,1.0,1.0,1.0,1.0,1.0,1.0,1.0,100.0,33.0,33.0,100.0,31.0,31.0,0.0,00:11:48:51
Sep 25 2023 - 02:15:00,Sep 25 2023 - 02:30:00,ED4859-PCU,48591,10.28.73.18,MNG-KNVVB01,0.05,0.03,73.0,43.0,19.0,11.42,343.24,30.06,4.73,151.89,32.09,0.0,0.0,35.0,0.0,0.0,38.0,11.52,343.01,29.78,4.77,151.22,31.67,0.84,0.23,0.28,1.6,0.67,0.42,2.0,13.0,625.0,0.0,0.0,571.0,0.0,0.0,2.0,0.0,0.0,6.0,0.0,0.0,29.0,0.0,0.0,36.0,89.0,31.0,35.0,100.0,38.0,38.0,0.0,0.0,0.0,0.0,0.0,0.0,0.0,0.0,0.0,0.0,0.0,0.0,0.0,623.0,0.0,0.0,0.0,0.0,0.0,567.0,0.0,0.0,0.0,0.0,0.0,0.0,0.0,2.0,0.0,0.0,0.0,0.0,0.0,4.0,1889.0,2003.0,2094.0,2186.0,2233.0,2349.0,2509.0,2667.0,2775.0,42.0,48.0,53.0,60.0,64.0,75.0,92.0,123.0,203.0,17.0,15.0,13.0,11.0,10.0,8.0,6.0,4.0,2.0,1699.0,1718.0,1732.0,1751.0,1766.0,1779.0,1801.0,1831.0,1849.0,9.0,8.0,7.0,6.0,5.0,4.0,3.0,2.0,1.0,0.0,0.0,0.0,0.0,0.0,0.0,0.0,0.0,0.0,0.0,0.0,0.0,0.0,0.0,0.0,0.0,0.0,0.0,1.0,1.0,1.0,1.0,1.0,1.0,1.0,1.0,1.0,1103.0,1103.0,1103.0,1103.0,1103.0,1103.0,1103.0,1103.0,1103.0,1.0,1.0,1.0,1.0,1.0,1.0,1.0,1.0,1.0,100.0,38.0,38.0,100.0,35.0,35.0,0.0,00:12:03:51
Sep 25 2023 - 02:30:00,Sep 25 2023 - 02:45:00,ED4859-PCU,48591,10.28.73.18,MNG-KNVVB01,0.06,0.02,74.0,19.0,7.0,8.85,151.13,17.08,2.33,59.12,25.38,0.0,0.0,35.0,3.0,1.0,39.0,8.85,151.13,17.08,2.33,59.12,25.38,0.0,0.0,0.0,0.0,0.0,0.0,3.0,8.0,288.0,0.0,0.0,238.0,0.0,0.0,0.0,0.0,0.0,0.0,0.0,0.0,35.0,0.0,0.0,39.0,94.0,33.0,35.0,100.0,39.0,39.0,0.0,0.0,0.0,0.0,0.0,0.0,0.0,0.0,0.0,0.0,0.0,0.0,0.0,288.0,0.0,0.0,0.0,0.0,0.0,238.0,0.0,0.0,0.0,0.0,0.0,0.0,0.0,0.0,0.0,0.0,0.0,0.0,0.0,0.0,1889.0,2003.0,2094.0,2186.0,2233.0,2349.0,2509.0,2667.0,2775.0,42.0,48.0,53.0,60.0,64.0,75.0,92.0,123.0,203.0,17.0,15.0,13.0,11.0,10.0,8.0,6.0,4.0,2.0,1699.0,1718.0,1732.0,1751.0,1766.0,1779.0,1801.0,1831.0,1849.0,9.0,8.0,7.0,6.0,5.0,4.0,3.0,2.0,1.0,0.0,0.0,0.0,0.0,0.0,0.0,0.0,0.0,0.0,0.0,0.0,0.0,0.0,0.0,0.0,0.0,0.0,0.0,1.0,1.0,1.0,1.0,1.0,1.0,1.0,1.0,1.0,1103.0,1103.0,1103.0,1103.0,1103.0,1103.0,1103.0,1103.0,1103.0,1.0,1.0,1.0,1.0,1.0,1.0,1.0,1.0,1.0,100.0,39.0,39.0,100.0,35.0,35.0,0.0,00:12:18:51
Sep 25 2023 - 02:45:00,Sep 25 2023 - 03:00:00,ED4859-PCU,48591,10.28.73.18,MNG-KNVVB01,0.05,0.03,66.0,40.0,17.0,12.8,317.6,24.82,3.74,133.26,35.64,0.0,0.0,28.0,5.0,2.0,38.0,12.8,317.6,24.82,3.74,133.26,35.64,0.0,0.0,0.0,0.0,0.0,0.0,5.0,28.0,577.0,0.0,0.0,501.0,0.0,0.0,0.0,0.0,0.0,0.0,0.0,0.0,28.0,0.0,0.0,38.0,96.0,27.0,28.0,100.0,38.0,38.0,0.0,0.0,0.0,0.0,0.0,0.0,0.0,0.0,0.0,0.0,0.0,0.0,0.0,577.0,0.0,0.0,0.0,0.0,0.0,501.0,0.0,0.0,0.0,0.0,0.0,0.0,0.0,0.0,0.0,0.0,0.0,0.0,0.0,0.0,1889.0,2003.0,2094.0,2186.0,2233.0,2349.0,2509.0,2667.0,2775.0,42.0,48.0,53.0,60.0,64.0,75.0,92.0,123.0,203.0,17.0,15.0,13.0,11.0,10.0,8.0,6.0,4.0,2.0,1699.0,1718.0,1732.0,1751.0,1766.0,1779.0,1801.0,1831.0,1849.0,9.0,8.0,7.0,6.0,5.0,4.0,3.0,2.0,1.0,0.0,0.0,0.0,0.0,0.0,0.0,0.0,0.0,0.0,0.0,0.0,0.0,0.0,0.0,0.0,0.0,0.0,0.0,1.0,1.0,1.0,1.0,1.0,1.0,1.0,1.0,1.0,1103.0,1103.0,1103.0,1103.0,1103.0,1103.0,1103.0,1103.0,1103.0,1.0,1.0,1.0,1.0,1.0,1.0,1.0,1.0,1.0,100.0,38.0,38.0,100.0,28.0,28.0,0.0,00:12:33:51
Sep 25 2023 - 03:00:00,Sep 25 2023 - 03:15:00,ED4859-PCU,48591,10.28.73.18,MNG-KNVVB01,0.04,0.03,69.0,31.0,13.0,10.37,249.59,24.06,2.83,104.34,36.9,3.0,1.0,35.0,0.0,0.0,34.0,10.93,248.84,22.77,2.82,101.26,35.95,0.58,0.74,1.29,3.25,3.09,0.95,2.0,11.0,458.0,0.0,0.0,396.0,0.0,0.0,4.0,0.0,0.0,8.0,0.0,0.0,27.0,0.0,0.0,30.0,86.0,30.0,35.0,100.0,34.0,34.0,0.0,0.0,0.0,0.0,0.0,0.0,0.0,0.0,0.0,0.0,0.0,0.0,0.0,453.0,0.0,0.0,0.0,0.0,0.0,381.0,0.0,0.0,0.0,0.0,0.0,0.0,0.0,5.0,0.0,0.0,0.0,0.0,0.0,15.0,1889.0,2003.0,2094.0,2186.0,2233.0,2349.0,2509.0,2667.0,2775.0,42.0,48.0,53.0,60.0,64.0,75.0,92.0,123.0,203.0,17.0,15.0,13.0,11.0,10.0,8.0,6.0,4.0,2.0,1699.0,1718.0,1732.0,1751.0,1766.0,1779.0,1801.0,1831.0,1849.0,9.0,8.0,7.0,6.0,5.0,4.0,3.0,2.0,1.0,0.0,0.0,0.0,0.0,0.0,0.0,0.0,0.0,0.0,0.0,0.0,0.0,0.0,0.0,0.0,0.0,0.0,0.0,1.0,1.0,1.0,1.0,1.0,1.0,1.0,1.0,1.0,1103.0,1103.0,1103.0,1103.0,1103.0,1103.0,1103.0,1103.0,1103.0,1.0,1.0,1.0,1.0,1.0,1.0,1.0,1.0,1.0,100.0,34.0,34.0,100.0,35.0,35.0,0.0,00:12:48:51
Sep 25 2023 - 03:15:00,Sep 25 2023 - 03:30:00,ED4859-PCU,48591,10.28.73.18,MNG-KNVVB01,0.12,0.08,97.0,127.0,67.0,16.99,1012.18,59.57,7.09,538.73,75.94,0.0,0.0,46.0,2.0,1.0,51.0,17.12,1011.41,59.09,7.14,537.81,75.3,1.6,0.77,0.48,1.43,0.91,0.64,1.0,23.0,1802.0,0.0,0.0,1928.0,0.0,0.0,3.0,0.0,0.0,7.0,0.0,0.0,40.0,0.0,0.0,49.0,83.0,38.0,46.0,100.0,51.0,51.0,0.0,0.0,0.0,0.0,0.0,0.0,0.0,0.0,0.0,0.0,0.0,0.0,0.0,1797.0,0.0,0.0,0.0,0.0,0.0,1922.0,0.0,0.0,0.0,0.0,0.0,0.0,0.0,5.0,0.0,0.0,0.0,0.0,0.0,6.0,2061.0,2108.0,2158.0,2236.0,2282.0,2342.0,2503.0,2566.0,2612.0,30.0,32.0,34.0,38.0,41.0,44.0,53.0,59.0,72.0,12.0,11.0,10.0,8.0,7.0,6.0,4.0,3.0,2.0,1725.0,1739.0,1756.0,1756.0,1772.0,1792.0,1792.0,1793.0,1794.0,7.0,6.0,5.0,5.0,4.0,3.0,3.0,2.0,1.0,0.0,0.0,0.0,0.0,0.0,0.0,0.0,0.0,0.0,0.0,0.0,0.0,0.0,0.0,0.0,0.0,0.0,0.0,1.0,1.0,1.0,1.0,1.0,1.0,1.0,1.0,1.0,0.0,0.0,0.0,0.0,0.0,0.0,0.0,0.0,0.0,1.0,1.0,1.0,1.0,1.0,1.0,1.0,1.0,1.0,100.0,52.0,52.0,100.0,47.0,47.0,0.0,00:13:03:52
Sep 25 2023 - 03:30:00,Sep 25 2023 - 03:45:00,ED4859-PCU,48591,10.28.73.18,MNG-KNVVB01,0.12,0.07,80.0,764.0,342.0,18.14,6111.09,336.92,11.29,2733.38,242.19,0.0,0.0,41.0,0.0,0.0,39.0,18.14,6111.09,336.92,11.29,2733.38,242.19,0.0,0.0,0.0,0.0,0.0,0.0,0.0,4.0,10759.0,0.0,0.0,9655.0,0.0,0.0,0.0,0.0,0.0,0.0,0.0,0.0,40.0,0.0,0.0,38.0,95.0,39.0,41.0,100.0,39.0,39.0,0.0,0.0,0.0,0.0,0.0,0.0,0.0,0.0,0.0,0.0,0.0,0.0,0.0,10759.0,0.0,0.0,0.0,0.0,0.0,9655.0,0.0,0.0,0.0,0.0,0.0,0.0,0.0,0.0,0.0,0.0,0.0,0.0,0.0,0.0,2061.0,2108.0,2158.0,2236.0,2282.0,2342.0,2503.0,2566.0,2612.0,30.0,32.0,34.0,38.0,41.0,44.0,53.0,59.0,72.0,12.0,11.0,10.0,8.0,7.0,6.0,4.0,3.0,2.0,1725.0,1739.0,1756.0,1756.0,1772.0,1792.0,1792.0,1793.0,1794.0,7.0,6.0,5.0,5.0,4.0,3.0,3.0,2.0,1.0,0.0,0.0,0.0,0.0,0.0,0.0,0.0,0.0,0.0,0.0,0.0,0.0,0.0,0.0,0.0,0.0,0.0,0.0,1.0,1.0,1.0,1.0,1.0,1.0,1.0,1.0,1.0,0.0,0.0,0.0,0.0,0.0,0.0,0.0,0.0,0.0,1.0,1.0,1.0,1.0,1.0,1.0,1.0,1.0,1.0,100.0,38.0,38.0,100.0,40.0,40.0,0.0,00:13:18:52
Sep 25 2023 - 03:45:00,Sep 25 2023 - 04:00:00,ED4859-PCU,48591,10.28.73.18,MNG-KNVVB01,0.04,0.02,50.0,34.0,15.0,11.05,274.49,24.85,4.09,122.1,29.89,0.0,0.0,25.0,4.0,1.0,25.0,11.05,274.49,24.85,4.09,122.1,29.89,0.0,0.0,0.0,0.0,0.0,0.0,1.0,4.0,499.0,0.0,0.0,456.0,0.0,0.0,0.0,0.0,0.0,0.0,0.0,0.0,25.0,0.0,0.0,25.0,100.0,25.0,25.0,100.0,25.0,25.0,0.0,0.0,0.0,0.0,0.0,0.0,0.0,0.0,0.0,0.0,0.0,0.0,0.0,499.0,0.0,0.0,0.0,0.0,0.0,456.0,0.0,0.0,0.0,0.0,0.0,0.0,0.0,0.0,0.0,0.0,0.0,0.0,0.0,0.0,2061.0,2108.0,2158.0,2236.0,2282.0,2342.0,2503.0,2566.0,2612.0,30.0,32.0,34.0,38.0,41.0,44.0,53.0,59.0,72.0,12.0,11.0,10.0,8.0,7.0,6.0,4.0,3.0,2.0,1725.0,1739.0,1756.0,1756.0,1772.0,1792.0,1792.0,1793.0,1794.0,7.0,6.0,5.0,5.0,4.0,3.0,3.0,2.0,1.0,0.0,0.0,0.0,0.0,0.0,0.0,0.0,0.0,0.0,0.0,0.0,0.0,0.0,0.0,0.0,0.0,0.0,0.0,1.0,1.0,1.0,1.0,1.0,1.0,1.0,1.0,1.0,0.0,0.0,0.0,0.0,0.0,0.0,0.0,0.0,0.0,1.0,1.0,1.0,1.0,1.0,1.0,1.0,1.0,1.0,100.0,25.0,25.0,100.0,25.0,25.0,0.0,00:13:33:52
Sep 25 2023 - 04:00:00,Sep 25 2023 - 04:15:00,ED4859-PCU,48591,10.28.73.18,MNG-KNVVB01,0.04,0.02,39.0,115.0,17.0,22.04,916.15,41.57,6.94,137.69,19.85,5.0,1.0,20.0,0.0,0.0,19.0,22.8,915.3,40.15,7.89,132.12,16.74,0.6,0.85,1.42,1.79,5.57,3.11,0.0,8.0,1607.0,5.0,27.0,495.0,0.0,0.0,5.0,0.0,0.0,9.0,0.0,0.0,11.0,0.0,0.0,14.0,80.0,16.0,20.0,100.0,19.0,19.0,0.0,0.0,0.0,0.0,0.0,0.0,0.0,0.0,0.0,0.0,0.0,0.0,0.0,1601.0,0.0,0.0,0.0,0.0,0.0,496.0,0.0,0.0,0.0,0.0,0.0,0.0,0.0,6.0,0.0,0.0,0.0,0.0,0.0,26.0,2061.0,2108.0,2158.0,2236.0,2282.0,2342.0,2503.0,2566.0,2612.0,30.0,32.0,34.0,38.0,41.0,44.0,53.0,59.0,72.0,12.0,11.0,10.0,8.0,7.0,6.0,4.0,3.0,2.0,1725.0,1739.0,1756.0,1756.0,1772.0,1792.0,1792.0,1793.0,1794.0,7.0,6.0,5.0,5.0,4.0,3.0,3.0,2.0,1.0,0.0,0.0,0.0,0.0,0.0,0.0,0.0,0.0,0.0,0.0,0.0,0.0,0.0,0.0,0.0,0.0,0.0,0.0,1.0,1.0,1.0,1.0,1.0,1.0,1.0,1.0,1.0,0.0,0.0,0.0,0.0,0.0,0.0,0.0,0.0,0.0,1.0,1.0,1.0,1.0,1.0,1.0,1.0,1.0,1.0,100.0,19.0,19.0,100.0,20.0,20.0,0.0,00:13:48:52
Sep 25 2023 - 04:15:00,Sep 25 2023 - 04:30:00,ED4859-PCU,48591,10.28.73.18,MNG-KNVVB01,0.09,0.05,87.0,302.0,26.0,17.44,2414.53,138.45,4.27,211.2,49.41,0.0,0.0,48.0,3.0,1.0,39.0,17.47,2414.3,138.16,4.3,210.52,48.98,0.81,0.23,0.29,1.56,0.67,0.43,0.0,5.0,4217.0,0.0,0.0,847.0,0.0,0.0,2.0,0.0,0.0,6.0,0.0,0.0,42.0,0.0,0.0,37.0,71.0,34.0,48.0,100.0,39.0,39.0,0.0,0.0,0.0,0.0,0.0,0.0,0.0,0.0,0.0,0.0,0.0,0.0,0.0,4215.0,0.0,0.0,0.0,0.0,0.0,843.0,0.0,0.0,0.0,0.0,0.0,0.0,0.0,2.0,0.0,0.0,0.0,0.0,0.0,4.0,2147.0,2337.0,2420.0,2526.0,2662.0,2806.0,2918.0,3061.0,3244.0,108.0,121.0,136.0,155.0,181.0,219.0,280.0,356.0,419.0,9.0,8.0,7.0,6.0,5.0,4.0,3.0,2.0,1.0,1690.0,1718.0,1735.0,1749.0,1764.0,1782.0,1809.0,1855.0,1944.0,9.0,8.0,7.0,6.0,5.0,4.0,3.0,2.0,1.0,0.0,0.0,0.0,0.0,0.0,0.0,0.0,0.0,0.0,0.0,0.0,0.0,0.0,0.0,0.0,0.0,0.0,0.0,1.0,1.0,1.0,1.0,1.0,1.0,1.0,1.0,1.0,0.0,0.0,0.0,0.0,0.0,0.0,0.0,0.0,0.0,1.0,1.0,1.0,1.0,1.0,1.0,1.0,1.0,1.0,100.0,39.0,39.0,100.0,48.0,48.0,0.0,00:14:03:52
Sep 25 2023 - 04:30:00,Sep 25 2023 - 04:45:00,ED4859-PCU,48591,10.28.73.18,MNG-KNVVB01,0.15,0.06,245.0,106.0,66.0,7.24,849.87,117.45,3.5,529.91,151.54,0.0,0.0,90.0,3.0,5.0,155.0,7.24,849.87,117.45,3.5,529.91,151.54,0.0,0.0,0.0,0.0,0.0,0.0,12.0,197.0,1591.0,0.0,0.0,1974.0,0.0,0.0,0.0,0.0,0.0,0.0,0.0,0.0,91.0,0.0,0.0,156.0,94.0,85.0,90.0,98.0,152.0,155.0,0.0,0.0,0.0,0.0,0.0,0.0,0.0,0.0,0.0,0.0,0.0,0.0,0.0,1591.0,0.0,0.0,0.0,0.0,0.0,1974.0,0.0,0.0,0.0,0.0,0.0,0.0,0.0,0.0,0.0,0.0,0.0,0.0,0.0,0.0,2147.0,2337.0,2420.0,2526.0,2662.0,2806.0,2918.0,3061.0,3244.0,108.0,121.0,136.0,155.0,181.0,219.0,280.0,356.0,419.0,9.0,8.0,7.0,6.0,5.0,4.0,3.0,2.0,1.0,1690.0,1718.0,1735.0,1749.0,1764.0,1782.0,1809.0,1855.0,1944.0,9.0,8.0,7.0,6.0,5.0,4.0,3.0,2.0,1.0,0.0,0.0,0.0,0.0,0.0,0.0,0.0,0.0,0.0,0.0,0.0,0.0,0.0,0.0,0.0,0.0,0.0,0.0,1.0,1.0,1.0,1.0,1.0,1.0,1.0,1.0,1.0,0.0,0.0,0.0,0.0,0.0,0.0,0.0,0.0,0.0,1.0,1.0,1.0,1.0,1.0,1.0,1.0,1.0,1.0,100.0,156.0,156.0,100.0,91.0,91.0,0.0,00:14:18:52
Sep 25 2023 - 04:45:00,Sep 25 2023 - 05:00:00,ED4859-PCU,48591,10.28.73.18,MNG-KNVVB01,0.14,0.07,91.0,411.0,255.0,20.1,3285.59,163.5,27.19,2036.36,74.9,0.0,0.0,48.0,12.0,5.0,43.0,20.1,3285.59,163.5,27.19,2036.36,74.9,0.0,0.0,0.0,0.0,0.0,0.0,15.0,862.0,5818.0,1.0,43.0,7162.0,0.0,0.0,0.0,0.0,0.0,0.0,0.0,0.0,50.0,0.0,0.0,45.0,88.0,42.0,48.0,100.0,43.0,43.0,0.0,0.0,0.0,0.0,2.0,2.0,2.0,2.0,0.0,0.0,0.0,0.0,0.0,5818.0,0.0,0.0,0.0,0.0,0.0,7205.0,0.0,0.0,0.0,0.0,0.0,0.0,0.0,0.0,0.0,0.0,0.0,0.0,0.0,0.0,2147.0,2337.0,2420.0,2526.0,2662.0,2806.0,2918.0,3061.0,3244.0,108.0,121.0,136.0,155.0,181.0,219.0,280.0,356.0,419.0,9.0,8.0,7.0,6.0,5.0,4.0,3.0,2.0,1.0,1690.0,1718.0,1735.0,1749.0,1764.0,1782.0,1809.0,1855.0,1944.0,9.0,8.0,7.0,6.0,5.0,4.0,3.0,2.0,1.0,0.0,0.0,0.0,0.0,0.0,0.0,0.0,0.0,0.0,0.0,0.0,0.0,0.0,0.0,0.0,0.0,0.0,0.0,1.0,1.0,1.0,1.0,1.0,1.0,1.0,1.0,1.0,0.0,0.0,0.0,0.0,0.0,0.0,0.0,0.0,0.0,1.0,1.0,1.0,1.0,1.0,1.0,1.0,1.0,1.0,100.0,43.0,43.0,100.0,48.0,48.0,0.0,00:14:33:52
Sep 25 2023 - 05:00:00,Sep 25 2023 - 05:15:00,ED4859-PCU,48591,10.28.73.18,MNG-KNVVB01,0.27,0.17,136.0,596.0,475.0,13.71,4771.09,348.09,19.4,3799.01,195.86,0.0,0.0,70.0,20.0,13.0,66.0,13.75,4770.34,346.81,19.5,3795.92,194.71,0.58,0.74,1.28,2.68,3.09,1.15,9.0,793.0,8730.0,0.0,0.0,13428.0,0.0,0.0,4.0,0.0,0.0,8.0,0.0,0.0,65.0,0.0,0.0,66.0,91.0,64.0,70.0,97.0,64.0,66.0,0.0,0.0,0.0,0.0,2.0,2.0,3.0,3.0,0.0,0.0,0.0,0.0,0.0,8725.0,0.0,0.0,0.0,0.0,0.0,13413.0,0.0,0.0,0.0,0.0,0.0,0.0,0.0,5.0,0.0,0.0,0.0,0.0,0.0,15.0,2147.0,2337.0,2420.0,2526.0,2662.0,2806.0,2918.0,3061.0,3244.0,108.0,121.0,136.0,155.0,181.0,219.0,280.0,356.0,419.0,9.0,8.0,7.0,6.0,5.0,4.0,3.0,2.0,1.0,1690.0,1718.0,1735.0,1749.0,1764.0,1782.0,1809.0,1855.0,1944.0,9.0,8.0,7.0,6.0,5.0,4.0,3.0,2.0,1.0,0.0,0.0,0.0,0.0,0.0,0.0,0.0,0.0,0.0,0.0,0.0,0.0,0.0,0.0,0.0,0.0,0.0,0.0,1.0,1.0,1.0,1.0,1.0,1.0,1.0,1.0,1.0,0.0,0.0,0.0,0.0,0.0,0.0,0.0,0.0,0.0,1.0,1.0,1.0,1.0,1.0,1.0,1.0,1.0,1.0,100.0,67.0,67.0,100.0,71.0,71.0,1.0,00:14:48:52
Sep 25 2023 - 05:15:00,Sep 25 2023 - 05:30:00,ED4859-PCU,48591,10.28.73.18,MNG-KNVVB01,0.23,0.14,173.0,694.0,914.0,9.85,5555.15,563.69,15.75,7310.34,464.11,4.0,3.0,79.0,5.0,5.0,94.0,9.86,5554.38,563.23,15.77,7309.43,463.59,1.66,0.77,0.46,1.76,0.91,0.52,34.0,3419.0,10092.0,0.0,5.0,25502.0,0.0,0.0,3.0,0.0,0.0,7.0,0.0,0.0,73.0,0.0,0.0,90.0,94.0,74.0,79.0,93.0,87.0,94.0,0.0,0.0,0.0,0.0,2.0,2.0,1.0,1.0,0.0,0.0,0.0,0.0,0.0,10087.0,0.0,0.0,0.0,0.0,0.0,25501.0,0.0,0.0,0.0,0.0,0.0,0.0,0.0,5.0,0.0,0.0,0.0,0.0,0.0,6.0,3211.0,3540.0,3912.0,4352.0,4922.0,5708.0,6919.0,9153.0,15145.0,53.0,60.0,68.0,78.0,92.0,112.0,140.0,189.0,292.0,45.0,40.0,35.0,30.0,25.0,20.0,15.0,10.0,5.0,11140.0,12220.0,13942.0,15763.0,18202.0,22650.0,27928.0,39644.0,61216.0,40.0,36.0,31.0,27.0,23.0,18.0,14.0,9.0,5.0,0.0,0.0,0.0,0.0,0.0,0.0,0.0,0.0,0.0,0.0,0.0,0.0,0.0,0.0,0.0,0.0,0.0,0.0,1.0,1.0,1.0,1.0,1.0,1.0,1.0,1.0,1.0,0.0,0.0,0.0,0.0,0.0,0.0,0.0,0.0,0.0,1.0,1.0,1.0,1.0,1.0,1.0,1.0,1.0,1.0,100.0,92.0,92.0,100.0,78.0,78.0,1.0,00:15:03:52
Sep 25 2023 - 05:30:00,Sep 25 2023 - 05:45:00,ED4859-PCU,48591,10.28.73.18,MNG-KNVVB01,0.12,0.04,151.0,16.0,10.0,1.23,128.43,104.24,0.9,81.17,90.47,1.0,1.0,73.0,5.0,4.0,78.0,1.23,128.43,104.24,0.9,80.82,90.23,0.0,0.0,0.0,1.46,0.35,0.24,1.0,4.0,282.0,0.0,0.0,343.0,0.0,0.0,1.0,0.0,0.0,1.0,0.0,0.0,75.0,0.0,0.0,78.0,93.0,68.0,73.0,99.0,77.0,78.0,0.0,0.0,0.0,0.0,3.0,3.0,1.0,1.0,0.0,0.0,0.0,0.0,0.0,282.0,0.0,0.0,0.0,0.0,0.0,341.0,0.0,0.0,0.0,0.0,0.0,0.0,0.0,0.0,0.0,0.0,0.0,0.0,0.0,2.0,3211.0,3540.0,3912.0,4352.0,4922.0,5708.0,6919.0,9153.0,15145.0,53.0,60.0,68.0,78.0,92.0,112.0,140.0,189.0,292.0,45.0,40.0,35.0,30.0,25.0,20.0,15.0,10.0,5.0,11140.0,12220.0,13942.0,15763.0,18202.0,22650.0,27928.0,39644.0,61216.0,40.0,36.0,31.0,27.0,23.0,18.0,14.0,9.0,5.0,0.0,0.0,0.0,0.0,0.0,0.0,0.0,0.0,0.0,0.0,0.0,0.0,0.0,0.0,0.0,0.0,0.0,0.0,1.0,1.0,1.0,1.0,1.0,1.0,1.0,1.0,1.0,0.0,0.0,0.0,0.0,0.0,0.0,0.0,0.0,0.0,1.0,1.0,1.0,1.0,1.0,1.0,1.0,1.0,1.0,100.0,78.0,78.0,100.0,73.0,73.0,0.0,00:15:18:52
Sep 25 2023 - 05:45:00,Sep 25 2023 - 06:00:00,ED4859-PCU,48591,10.28.73.18,MNG-KNVVB01,0.36,0.24,365.0,213.0,149.0,6.46,1700.23,263.05,3.45,1189.12,344.84,2.0,3.0,155.0,4.0,8.0,210.0,5.7,824.66,144.74,2.58,655.78,254.55,7.4,875.58,118.31,5.91,533.34,90.29,3.0,139.0,5406.0,0.0,0.0,4770.0,0.0,0.0,94.0,0.0,0.0,24.0,0.0,0.0,140.0,0.0,0.0,127.0,90.0,139.0,155.0,99.0,207.0,210.0,0.0,0.0,1.0,1.0,5.0,5.0,5.0,5.0,0.0,0.0,0.0,0.0,0.0,1556.0,0.0,0.0,0.0,0.0,0.0,2414.0,0.0,0.0,0.0,0.0,0.0,0.0,0.0,3850.0,0.0,0.0,0.0,0.0,0.0,2356.0,3211.0,3540.0,3912.0,4352.0,4922.0,5708.0,6919.0,9153.0,15145.0,53.0,60.0,68.0,78.0,92.0,112.0,140.0,189.0,292.0,45.0,40.0,35.0,30.0,25.0,20.0,15.0,10.0,5.0,11140.0,12220.0,13942.0,15763.0,18202.0,22650.0,27928.0,39644.0,61216.0,40.0,36.0,31.0,27.0,23.0,18.0,14.0,9.0,5.0,0.0,0.0,0.0,0.0,0.0,0.0,0.0,0.0,0.0,0.0,0.0,0.0,0.0,0.0,0.0,0.0,0.0,0.0,1.0,1.0,1.0,1.0,1.0,1.0,1.0,1.0,1.0,0.0,0.0,0.0,0.0,0.0,0.0,0.0,0.0,0.0,1.0,1.0,1.0,1.0,1.0,1.0,1.0,1.0,1.0,100.0,215.0,215.0,100.0,159.0,159.0,3.0,00:15:33:52
Sep 25 2023 - 06:00:00,Sep 25 2023 - 06:15:00,ED4859-PCU,48591,10.28.73.18,MNG-KNVVB01,0.72,0.46,786.0,3552.0,1618.0,11.76,28417.38,2416.63,6.89,12946.19,1878.89,1.0,4.0,281.0,4.0,21.0,505.0,12.04,26898.79,2234.14,6.87,11964.45,1742.74,8.32,1518.59,182.49,7.21,981.73,136.15,8.0,4345.0,54772.0,1.0,456.0,45893.0,0.0,0.0,132.0,0.0,0.0,44.0,0.0,0.0,247.0,0.0,0.0,378.0,95.0,266.0,281.0,95.0,478.0,505.0,5.0,5.0,3.0,3.0,7.0,7.0,4.0,4.0,0.0,0.0,0.0,0.0,0.0,48135.0,0.0,0.0,0.0,0.0,0.0,42021.0,0.0,0.0,0.0,0.0,0.0,0.0,0.0,6637.0,0.0,0.0,0.0,0.0,0.0,4328.0,3211.0,3540.0,3912.0,4352.0,4922.0,5708.0,6919.0,9153.0,15145.0,53.0,60.0,68.0,78.0,92.0,112.0,140.0,189.0,292.0,45.0,40.0,35.0,30.0,25.0,20.0,15.0,10.0,5.0,11140.0,12220.0,13942.0,15763.0,18202.0,22650.0,27928.0,39644.0,61216.0,40.0,36.0,31.0,27.0,23.0,18.0,14.0,9.0,5.0,0.0,0.0,0.0,0.0,0.0,0.0,0.0,0.0,0.0,0.0,0.0,0.0,0.0,0.0,0.0,0.0,0.0,0.0,1.0,1.0,1.0,1.0,1.0,1.0,1.0,1.0,1.0,0.0,0.0,0.0,0.0,0.0,0.0,0.0,0.0,0.0,1.0,1.0,1.0,1.0,1.0,1.0,1.0,1.0,1.0,100.0,503.0,503.0,100.0,279.0,279.0,3.0,00:15:48:51
Sep 25 2023 - 06:15:00,Sep 25 2023 - 06:30:00,ED4859-PCU,48591,10.28.73.18,MNG-KNVVB01,0.71,0.49,613.0,2374.0,2265.0,9.6,18990.33,1978.21,5.89,18118.75,3074.8,1.0,3.0,230.0,7.0,26.0,383.0,9.65,17416.5,1805.65,5.67,17097.08,3013.48,9.12,1573.83,172.56,16.66,1021.67,61.32,12.0,4466.0,38181.0,0.0,185.0,64574.0,0.0,0.0,158.0,0.0,0.0,38.0,0.0,0.0,213.0,0.0,0.0,242.0,95.0,218.0,230.0,87.0,335.0,383.0,4.0,4.0,4.0,4.0,16.0,16.0,12.0,12.0,0.0,0.0,0.0,0.0,0.0,31303.0,0.0,0.0,0.0,0.0,0.0,60249.0,0.0,0.0,0.0,0.0,0.0,0.0,0.0,6878.0,0.0,0.0,0.0,0.0,0.0,4510.0,2660.0,2923.0,3214.0,3631.0,4086.0,4687.0,5791.0,7592.0,12287.0,77.0,85.0,96.0,111.0,128.0,150.0,190.0,250.0,365.0,57.0,51.0,45.0,38.0,32.0,26.0,19.0,13.0,7.0,2305.0,2509.0,2754.0,3035.0,3382.0,3850.0,4573.0,5896.0,9371.0,46.0,41.0,36.0,31.0,26.0,21.0,16.0,11.0,6.0,1080.0,1121.0,1164.0,1191.0,1217.0,1251.0,1281.0,1348.0,1396.0,347.0,382.0,442.0,503.0,583.0,742.0,932.0,1123.0,1402.0,31.0,28.0,24.0,21.0,18.0,14.0,11.0,7.0,4.0,5595.0,6107.0,6706.0,7369.0,8216.0,10866.0,13096.0,13637.0,14250.0,11.0,10.0,9.0,8.0,7.0,5.0,4.0,3.0,2.0,100.0,384.0,384.0,100.0,231.0,231.0,2.0,00:16:03:51
Sep 25 2023 - 06:30:00,Sep 25 2023 - 06:45:00,ED4859-PCU,48591,10.28.73.18,MNG-KNVVB01,0.7,0.52,447.0,3837.0,2332.0,13.74,30694.42,2234.69,7.77,18654.73,2400.61,2.0,3.0,136.0,5.0,16.0,311.0,14.2,28791.88,2027.61,7.75,17523.75,2259.93,9.19,1902.55,207.08,8.04,1130.98,140.68,9.0,5327.0,59370.0,0.0,250.0,66371.0,0.0,0.0,145.0,0.0,0.0,11.0,0.0,0.0,136.0,0.0,0.0,180.0,96.0,131.0,136.0,84.0,261.0,311.0,1.0,1.0,2.0,2.0,9.0,9.0,9.0,9.0,0.0,0.0,0.0,0.0,0.0,51097.0,0.0,0.0,0.0,0.0,0.0,61645.0,0.0,0.0,0.0,0.0,0.0,0.0,0.0,8273.0,0.0,0.0,0.0,0.0,0.0,4976.0,2660.0,2923.0,3214.0,3631.0,4086.0,4687.0,5791.0,7592.0,12287.0,77.0,85.0,96.0,111.0,128.0,150.0,190.0,250.0,365.0,57.0,51.0,45.0,38.0,32.0,26.0,19.0,13.0,7.0,2305.0,2509.0,2754.0,3035.0,3382.0,3850.0,4573.0,5896.0,9371.0,46.0,41.0,36.0,31.0,26.0,21.0,16.0,11.0,6.0,1080.0,1121.0,1164.0,1191.0,1217.0,1251.0,1281.0,1348.0,1396.0,347.0,382.0,442.0,503.0,583.0,742.0,932.0,1123.0,1402.0,31.0,28.0,24.0,21.0,18.0,14.0,11.0,7.0,4.0,5595.0,6107.0,6706.0,7369.0,8216.0,10866.0,13096.0,13637.0,14250.0,11.0,10.0,9.0,8.0,7.0,5.0,4.0,3.0,2.0,100.0,314.0,314.0,100.0,137.0,137.0,8.0,00:16:18:52
Sep 25 2023 - 06:45:00,Sep 25 2023 - 07:00:00,ED4859-PCU,48591,10.28.73.18,MNG-KNVVB01,0.61,0.42,797.0,2467.0,1092.0,10.36,19734.88,1904.59,8.25,8736.0,1058.97,1.0,2.0,153.0,18.0,118.0,644.0,10.41,19162.02,1840.35,8.01,8331.16,1040.24,8.92,572.86,64.24,21.61,404.84,18.73,21.0,7691.0,36725.0,0.0,103.0,30988.0,0.0,0.0,98.0,0.0,0.0,7.0,0.0,0.0,153.0,0.0,0.0,556.0,89.0,136.0,153.0,18.0,114.0,644.0,1.0,1.0,2.0,2.0,7.0,7.0,10.0,10.0,0.0,0.0,0.0,0.0,0.0,34233.0,0.0,0.0,0.0,0.0,0.0,29323.0,0.0,0.0,0.0,0.0,0.0,0.0,0.0,2492.0,0.0,0.0,0.0,0.0,0.0,1768.0,2660.0,2923.0,3214.0,3631.0,4086.0,4687.0,5791.0,7592.0,12287.0,77.0,85.0,96.0,111.0,128.0,150.0,190.0,250.0,365.0,57.0,51.0,45.0,38.0,32.0,26.0,19.0,13.0,7.0,2305.0,2509.0,2754.0,3035.0,3382.0,3850.0,4573.0,5896.0,9371.0,46.0,41.0,36.0,31.0,26.0,21.0,16.0,11.0,6.0,1080.0,1121.0,1164.0,1191.0,1217.0,1251.0,1281.0,1348.0,1396.0,347.0,382.0,442.0,503.0,583.0,742.0,932.0,1123.0,1402.0,31.0,28.0,24.0,21.0,18.0,14.0,11.0,7.0,4.0,5595.0,6107.0,6706.0,7369.0,8216.0,10866.0,13096.0,13637.0,14250.0,11.0,10.0,9.0,8.0,7.0,5.0,4.0,3.0,2.0,100.0,642.0,642.0,100.0,152.0,152.0,1.0,00:16:33:52
Sep 25 2023 - 07:00:00,Sep 25 2023 - 07:15:00,ED4859-PCU,48591,10.28.73.18,MNG-KNVVB01,0.52,0.4,689.0,1644.0,1278.0,8.88,13152.12,1480.73,5.04,10225.48,2029.64,2.0,3.0,161.0,17.0,88.0,528.0,8.91,13148.71,1476.46,5.04,10221.43,2026.93,0.8,3.41,4.27,1.49,4.05,2.71,28.0,6583.0,23415.0,0.0,112.0,36129.0,0.0,0.0,38.0,0.0,0.0,13.0,0.0,0.0,163.0,0.0,0.0,519.0,90.0,145.0,161.0,19.0,99.0,528.0,0.0,0.0,1.0,1.0,13.0,13.0,28.0,28.0,0.0,0.0,0.0,0.0,0.0,23394.0,0.0,0.0,0.0,0.0,0.0,36219.0,0.0,0.0,0.0,0.0,0.0,0.0,0.0,21.0,0.0,0.0,0.0,0.0,0.0,22.0,2660.0,2923.0,3214.0,3631.0,4086.0,4687.0,5791.0,7592.0,12287.0,77.0,85.0,96.0,111.0,128.0,150.0,190.0,250.0,365.0,57.0,51.0,45.0,38.0,32.0,26.0,19.0,13.0,7.0,2305.0,2509.0,2754.0,3035.0,3382.0,3850.0,4573.0,5896.0,9371.0,46.0,41.0,36.0,31.0,26.0,21.0,16.0,11.0,6.0,1080.0,1121.0,1164.0,1191.0,1217.0,1251.0,1281.0,1348.0,1396.0,347.0,382.0,442.0,503.0,583.0,742.0,932.0,1123.0,1402.0,31.0,28.0,24.0,21.0,18.0,14.0,11.0,7.0,4.0,5595.0,6107.0,6706.0,7369.0,8216.0,10866.0,13096.0,13637.0,14250.0,11.0,10.0,9.0,8.0,7.0,5.0,4.0,3.0,2.0,100.0,528.0,528.0,100.0,163.0,163.0,2.0,00:16:48:52
Sep 25 2023 - 00:00:00,Sep 25 2023 - 00:15:00,BY2720-PCU-2,27201,10.28.73.148,MNG-KNVVB01,0.7,0.16,1316.0,866.0,229.0,6.21,6927.48,1114.8,3.02,1830.84,607.02,0.0,0.0,330.0,1.0,8.0,986.0,6.3,6734.59,1068.24,2.41,1306.89,541.56,4.14,192.9,46.56,8.0,523.95,65.46,14.0,1756.0,12801.0,0.0,2.0,7279.0,0.0,0.0,266.0,0.0,0.0,42.0,0.0,0.0,330.0,0.0,0.0,744.0,96.0,317.0,330.0,100.0,985.0,986.0,0.0,0.0,0.0,0.0,39.0,39.0,21.0,21.0,0.0,0.0,0.0,0.0,0.0,11930.0,0.0,0.0,0.0,0.0,0.0,4931.0,0.0,0.0,0.0,0.0,0.0,0.0,0.0,871.0,0.0,0.0,0.0,0.0,0.0,2350.0,2440.0,2655.0,2863.0,3033.0,3167.0,3329.0,3556.0,3948.0,4885.0,51.0,57.0,63.0,70.0,78.0,87.0,96.0,107.0,125.0,134.0,119.0,104.0,89.0,75.0,60.0,45.0,30.0,15.0,21717.0,24427.0,27906.0,31795.0,38022.0,47416.0,60356.0,88090.0,155381.0,61.0,54.0,47.0,41.0,34.0,27.0,21.0,14.0,7.0,658.0,687.0,721.0,743.0,783.0,815.0,845.0,909.0,1011.0,16.0,17.0,19.0,20.0,22.0,25.0,28.0,35.0,54.0,25.0,22.0,19.0,17.0,14.0,11.0,9.0,6.0,3.0,1531.0,1531.0,1531.0,1531.0,1531.0,1531.0,1531.0,1531.0,1531.0,1.0,1.0,1.0,1.0,1.0,1.0,1.0,1.0,1.0,100.0,989.0,989.0,100.0,333.0,333.0,1.0,00:17:01:53
Sep 25 2023 - 00:15:00,Sep 25 2023 - 00:30:00,BY2720-PCU-2,27201,10.28.73.148,MNG-KNVVB01,0.95,0.29,1457.0,1235.0,778.0,4.75,9877.84,2080.84,4.55,6220.56,1368.19,0.0,1.0,443.0,1.0,11.0,1014.0,4.78,9726.66,2033.15,4.45,5724.79,1285.44,3.17,151.19,47.69,5.99,495.77,82.75,18.0,3243.0,18236.0,1.0,118.0,22446.0,0.0,0.0,253.0,0.0,0.0,41.0,0.0,0.0,457.0,0.0,0.0,806.0,98.0,434.0,443.0,99.0,1007.0,1014.0,0.0,0.0,1.0,1.0,54.0,54.0,42.0,42.0,0.0,0.0,0.0,0.0,0.0,17542.0,0.0,0.0,0.0,0.0,0.0,20341.0,0.0,0.0,0.0,0.0,0.0,0.0,0.0,694.0,0.0,0.0,0.0,0.0,0.0,2223.0,2440.0,2655.0,2863.0,3033.0,3167.0,3329.0,3556.0,3948.0,4885.0,51.0,57.0,63.0,70.0,78.0,87.0,96.0,107.0,125.0,134.0,119.0,104.0,89.0,75.0,60.0,45.0,30.0,15.0,21717.0,24427.0,27906.0,31795.0,38022.0,47416.0,60356.0,88090.0,155381.0,61.0,54.0,47.0,41.0,34.0,27.0,21.0,14.0,7.0,658.0,687.0,721.0,743.0,783.0,815.0,845.0,909.0,1011.0,16.0,17.0,19.0,20.0,22.0,25.0,28.0,35.0,54.0,25.0,22.0,19.0,17.0,14.0,11.0,9.0,6.0,3.0,1531.0,1531.0,1531.0,1531.0,1531.0,1531.0,1531.0,1531.0,1531.0,1.0,1.0,1.0,1.0,1.0,1.0,1.0,1.0,1.0,100.0,1016.0,1016.0,100.0,444.0,444.0,0.0,00:17:16:53
Sep 25 2023 - 00:30:00,Sep 25 2023 - 00:45:00,BY2720-PCU-2,27201,10.28.73.148,MNG-KNVVB01,0.78,0.17,1440.0,1273.0,489.0,5.2,10183.35,1960.03,3.03,3911.12,1291.26,0.0,2.0,430.0,1.0,12.0,1010.0,5.25,10004.39,1906.77,2.79,3383.35,1212.41,3.36,178.96,53.26,6.69,527.77,78.85,15.0,2866.0,18667.0,0.0,24.0,14655.0,0.0,0.0,285.0,0.0,0.0,45.0,0.0,0.0,421.0,0.0,0.0,750.0,97.0,417.0,430.0,100.0,1007.0,1010.0,0.0,0.0,1.0,1.0,40.0,40.0,28.0,28.0,0.0,0.0,0.0,0.0,0.0,17847.0,0.0,0.0,0.0,0.0,0.0,12309.0,0.0,0.0,0.0,0.0,0.0,0.0,0.0,820.0,0.0,0.0,0.0,0.0,0.0,2370.0,2440.0,2655.0,2863.0,3033.0,3167.0,3329.0,3556.0,3948.0,4885.0,51.0,57.0,63.0,70.0,78.0,87.0,96.0,107.0,125.0,134.0,119.0,104.0,89.0,75.0,60.0,45.0,30.0,15.0,21717.0,24427.0,27906.0,31795.0,38022.0,47416.0,60356.0,88090.0,155381.0,61.0,54.0,47.0,41.0,34.0,27.0,21.0,14.0,7.0,658.0,687.0,721.0,743.0,783.0,815.0,845.0,909.0,1011.0,16.0,17.0,19.0,20.0,22.0,25.0,28.0,35.0,54.0,25.0,22.0,19.0,17.0,14.0,11.0,9.0,6.0,3.0,1531.0,1531.0,1531.0,1531.0,1531.0,1531.0,1531.0,1531.0,1531.0,1.0,1.0,1.0,1.0,1.0,1.0,1.0,1.0,1.0,100.0,1006.0,1006.0,100.0,426.0,426.0,0.0,00:17:31:53
Sep 25 2023 - 00:45:00,Sep 25 2023 - 01:00:00,BY2720-PCU-2,27201,10.28.73.148,MNG-KNVVB01,0.51,0.13,984.0,59.0,116.0,0.5,473.24,944.11,1.13,929.2,822.27,0.0,0.0,295.0,1.0,9.0,689.0,0.36,325.87,902.73,0.61,465.64,761.97,3.56,147.38,41.38,7.69,463.55,60.3,3.0,46.0,1481.0,0.0,0.0,3975.0,0.0,0.0,254.0,0.0,0.0,47.0,0.0,0.0,253.0,0.0,0.0,438.0,98.0,290.0,295.0,100.0,688.0,689.0,1.0,1.0,0.0,0.0,2.0,2.0,2.0,2.0,0.0,0.0,0.0,0.0,0.0,808.0,0.0,0.0,0.0,0.0,0.0,1891.0,0.0,0.0,0.0,0.0,0.0,0.0,0.0,673.0,0.0,0.0,0.0,0.0,0.0,2084.0,2440.0,2655.0,2863.0,3033.0,3167.0,3329.0,3556.0,3948.0,4885.0,51.0,57.0,63.0,70.0,78.0,87.0,96.0,107.0,125.0,134.0,119.0,104.0,89.0,75.0,60.0,45.0,30.0,15.0,21717.0,24427.0,27906.0,31795.0,38022.0,47416.0,60356.0,88090.0,155381.0,61.0,54.0,47.0,41.0,34.0,27.0,21.0,14.0,7.0,658.0,687.0,721.0,743.0,783.0,815.0,845.0,909.0,1011.0,16.0,17.0,19.0,20.0,22.0,25.0,28.0,35.0,54.0,25.0,22.0,19.0,17.0,14.0,11.0,9.0,6.0,3.0,1531.0,1531.0,1531.0,1531.0,1531.0,1531.0,1531.0,1531.0,1531.0,1.0,1.0,1.0,1.0,1.0,1.0,1.0,1.0,1.0,100.0,690.0,690.0,100.0,297.0,297.0,1.0,00:17:46:53
Sep 25 2023 - 01:00:00,Sep 25 2023 - 01:15:00,BY2720-PCU-2,27201,10.28.73.148,MNG-KNVVB01,0.5,0.17,1159.0,64.0,130.0,0.57,510.52,892.75,1.23,1037.19,840.82,1.0,3.0,289.0,1.0,6.0,870.0,0.4,335.82,842.7,0.66,508.14,772.58,3.49,174.7,50.05,7.75,529.05,68.24,3.0,51.0,1623.0,0.0,0.0,4553.0,0.0,0.0,286.0,0.0,0.0,44.0,0.0,0.0,247.0,0.0,0.0,587.0,98.0,283.0,289.0,100.0,869.0,870.0,0.0,0.0,0.0,0.0,2.0,2.0,2.0,2.0,0.0,0.0,0.0,0.0,0.0,819.0,0.0,0.0,0.0,0.0,0.0,2174.0,0.0,0.0,0.0,0.0,0.0,0.0,0.0,804.0,0.0,0.0,0.0,0.0,0.0,2379.0,2531.0,2709.0,2855.0,2993.0,3119.0,3291.0,3506.0,3835.0,4285.0,53.0,58.0,63.0,69.0,76.0,86.0,94.0,104.0,116.0,65.0,58.0,51.0,44.0,37.0,29.0,22.0,15.0,8.0,6344.0,7132.0,7774.0,8976.0,10044.0,12361.0,16375.0,21232.0,40492.0,24.0,21.0,19.0,16.0,14.0,11.0,8.0,6.0,3.0,664.0,688.0,716.0,742.0,774.0,804.0,836.0,896.0,994.0,8.0,8.0,9.0,9.0,10.0,11.0,13.0,15.0,21.0,34.0,30.0,26.0,23.0,19.0,15.0,12.0,8.0,4.0,684.0,684.0,684.0,684.0,684.0,684.0,684.0,684.0,684.0,1.0,1.0,1.0,1.0,1.0,1.0,1.0,1.0,1.0,100.0,871.0,871.0,100.0,289.0,289.0,0.0,00:18:01:53
Sep 25 2023 - 01:15:00,Sep 25 2023 - 01:30:00,BY2720-PCU-2,27201,10.28.73.148,MNG-KNVVB01,0.45,0.13,896.0,43.0,78.0,0.41,346.91,837.96,0.81,622.87,764.53,0.0,0.0,255.0,2.0,11.0,641.0,0.35,290.5,818.82,0.56,416.44,737.36,2.95,56.41,19.14,7.6,206.43,27.17,3.0,33.0,982.0,0.0,0.0,2734.0,0.0,0.0,112.0,0.0,0.0,22.0,0.0,0.0,232.0,0.0,0.0,528.0,95.0,241.0,255.0,100.0,641.0,641.0,0.0,0.0,0.0,0.0,1.0,1.0,1.0,1.0,0.0,0.0,0.0,0.0,0.0,719.0,0.0,0.0,0.0,0.0,0.0,1804.0,0.0,0.0,0.0,0.0,0.0,0.0,0.0,263.0,0.0,0.0,0.0,0.0,0.0,930.0,2531.0,2709.0,2855.0,2993.0,3119.0,3291.0,3506.0,3835.0,4285.0,53.0,58.0,63.0,69.0,76.0,86.0,94.0,104.0,116.0,65.0,58.0,51.0,44.0,37.0,29.0,22.0,15.0,8.0,6344.0,7132.0,7774.0,8976.0,10044.0,12361.0,16375.0,21232.0,40492.0,24.0,21.0,19.0,16.0,14.0,11.0,8.0,6.0,3.0,664.0,688.0,716.0,742.0,774.0,804.0,836.0,896.0,994.0,8.0,8.0,9.0,9.0,10.0,11.0,13.0,15.0,21.0,34.0,30.0,26.0,23.0,19.0,15.0,12.0,8.0,4.0,684.0,684.0,684.0,684.0,684.0,684.0,684.0,684.0,684.0,1.0,1.0,1.0,1.0,1.0,1.0,1.0,1.0,1.0,100.0,639.0,639.0,100.0,253.0,253.0,0.0,00:18:16:53
Sep 25 2023 - 01:30:00,Sep 25 2023 - 01:45:00,BY2720-PCU-2,27201,10.28.73.148,MNG-KNVVB01,0.58,0.08,853.0,39.0,58.0,0.21,313.17,1495.65,0.48,467.26,980.29,0.0,0.0,356.0,1.0,3.0,497.0,0.21,311.41,1493.79,0.47,465.03,979.57,0.95,1.77,1.86,3.09,2.23,0.72,2.0,13.0,859.0,0.0,1.0,1908.0,0.0,0.0,7.0,0.0,0.0,3.0,0.0,0.0,360.0,0.0,0.0,499.0,98.0,348.0,356.0,100.0,497.0,497.0,0.0,0.0,0.0,0.0,5.0,5.0,6.0,6.0,0.0,0.0,0.0,0.0,0.0,847.0,0.0,0.0,0.0,0.0,0.0,1895.0,0.0,0.0,0.0,0.0,0.0,0.0,0.0,12.0,0.0,0.0,0.0,0.0,0.0,14.0,2531.0,2709.0,2855.0,2993.0,3119.0,3291.0,3506.0,3835.0,4285.0,53.0,58.0,63.0,69.0,76.0,86.0,94.0,104.0,116.0,65.0,58.0,51.0,44.0,37.0,29.0,22.0,15.0,8.0,6344.0,7132.0,7774.0,8976.0,10044.0,12361.0,16375.0,21232.0,40492.0,24.0,21.0,19.0,16.0,14.0,11.0,8.0,6.0,3.0,664.0,688.0,716.0,742.0,774.0,804.0,836.0,896.0,994.0,8.0,8.0,9.0,9.0,10.0,11.0,13.0,15.0,21.0,34.0,30.0,26.0,23.0,19.0,15.0,12.0,8.0,4.0,684.0,684.0,684.0,684.0,684.0,684.0,684.0,684.0,684.0,1.0,1.0,1.0,1.0,1.0,1.0,1.0,1.0,1.0,100.0,500.0,500.0,100.0,358.0,358.0,1.0,00:18:31:53
Sep 25 2023 - 01:45:00,Sep 25 2023 - 02:00:00,BY2720-PCU-2,27201,10.28.73.148,MNG-KNVVB01,0.66,0.09,1053.0,54.0,92.0,0.27,434.98,1600.76,0.68,734.15,1086.82,0.0,0.0,410.0,1.0,4.0,643.0,0.22,346.06,1573.0,0.39,412.43,1046.57,3.2,88.92,27.76,7.99,321.72,40.25,3.0,39.0,1354.0,0.0,0.0,3098.0,0.0,0.0,171.0,0.0,0.0,30.0,0.0,0.0,386.0,0.0,0.0,475.0,100.0,410.0,410.0,99.0,639.0,643.0,0.0,0.0,0.0,0.0,7.0,7.0,6.0,6.0,0.0,0.0,0.0,0.0,0.0,947.0,0.0,0.0,0.0,0.0,0.0,1655.0,0.0,0.0,0.0,0.0,0.0,0.0,0.0,407.0,0.0,0.0,0.0,0.0,0.0,1443.0,2531.0,2709.0,2855.0,2993.0,3119.0,3291.0,3506.0,3835.0,4285.0,53.0,58.0,63.0,69.0,76.0,86.0,94.0,104.0,116.0,65.0,58.0,51.0,44.0,37.0,29.0,22.0,15.0,8.0,6344.0,7132.0,7774.0,8976.0,10044.0,12361.0,16375.0,21232.0,40492.0,24.0,21.0,19.0,16.0,14.0,11.0,8.0,6.0,3.0,664.0,688.0,716.0,742.0,774.0,804.0,836.0,896.0,994.0,8.0,8.0,9.0,9.0,10.0,11.0,13.0,15.0,21.0,34.0,30.0,26.0,23.0,19.0,15.0,12.0,8.0,4.0,684.0,684.0,684.0,684.0,684.0,684.0,684.0,684.0,684.0,1.0,1.0,1.0,1.0,1.0,1.0,1.0,1.0,1.0,100.0,640.0,640.0,100.0,409.0,409.0,0.0,00:18:46:53
Sep 25 2023 - 02:00:00,Sep 25 2023 - 02:15:00,BY2720-PCU-2,27201,10.28.73.148,MNG-KNVVB01,0.69,0.1,1153.0,60.0,122.0,0.29,482.09,1637.64,0.88,974.96,1113.8,0.0,1.0,422.0,1.0,5.0,731.0,0.21,327.37,1592.09,0.41,431.2,1040.17,3.4,154.73,45.55,7.39,543.76,73.63,3.0,53.0,1597.0,0.0,0.0,4146.0,0.0,0.0,269.0,0.0,0.0,44.0,0.0,0.0,386.0,0.0,0.0,468.0,99.0,419.0,422.0,100.0,732.0,731.0,1.0,1.0,0.0,0.0,5.0,5.0,5.0,5.0,0.0,0.0,0.0,0.0,0.0,888.0,0.0,0.0,0.0,0.0,0.0,1710.0,0.0,0.0,0.0,0.0,0.0,0.0,0.0,709.0,0.0,0.0,0.0,0.0,0.0,2436.0,1649.0,1756.0,1939.0,2020.0,2085.0,2210.0,2274.0,2374.0,2440.0,15.0,16.0,19.0,20.0,21.0,23.0,24.0,29.0,33.0,13.0,12.0,10.0,9.0,8.0,6.0,5.0,3.0,2.0,1685.0,1732.0,1776.0,1828.0,1880.0,1956.0,1976.0,2016.0,2102.0,9.0,8.0,7.0,6.0,5.0,4.0,3.0,2.0,1.0,652.0,676.0,700.0,722.0,735.0,763.0,806.0,863.0,932.0,6.0,7.0,7.0,8.0,8.0,9.0,10.0,11.0,13.0,17.0,15.0,13.0,11.0,10.0,8.0,6.0,4.0,2.0,657.0,657.0,657.0,657.0,657.0,657.0,657.0,657.0,657.0,1.0,1.0,1.0,1.0,1.0,1.0,1.0,1.0,1.0,100.0,732.0,732.0,100.0,424.0,424.0,0.0,00:19:01:53
Sep 25 2023 - 02:15:00,Sep 25 2023 - 02:30:00,BY2720-PCU-2,27201,10.28.73.148,MNG-KNVVB01,0.43,0.05,624.0,40.0,58.0,0.37,323.32,863.95,0.67,464.73,691.65,0.0,0.0,255.0,2.0,6.0,369.0,0.33,280.43,849.25,0.44,295.71,667.74,2.92,42.89,14.7,7.07,169.02,23.91,4.0,35.0,907.0,0.0,0.0,1922.0,0.0,0.0,87.0,0.0,0.0,22.0,0.0,0.0,233.0,0.0,0.0,283.0,96.0,246.0,255.0,100.0,368.0,369.0,1.0,1.0,0.0,0.0,1.0,1.0,1.0,1.0,0.0,0.0,0.0,0.0,0.0,708.0,0.0,0.0,0.0,0.0,0.0,1161.0,0.0,0.0,0.0,0.0,0.0,0.0,0.0,199.0,0.0,0.0,0.0,0.0,0.0,761.0,1649.0,1756.0,1939.0,2020.0,2085.0,2210.0,2274.0,2374.0,2440.0,15.0,16.0,19.0,20.0,21.0,23.0,24.0,29.0,33.0,13.0,12.0,10.0,9.0,8.0,6.0,5.0,3.0,2.0,1685.0,1732.0,1776.0,1828.0,1880.0,1956.0,1976.0,2016.0,2102.0,9.0,8.0,7.0,6.0,5.0,4.0,3.0,2.0,1.0,652.0,676.0,700.0,722.0,735.0,763.0,806.0,863.0,932.0,6.0,7.0,7.0,8.0,8.0,9.0,10.0,11.0,13.0,17.0,15.0,13.0,11.0,10.0,8.0,6.0,4.0,2.0,657.0,657.0,657.0,657.0,657.0,657.0,657.0,657.0,657.0,1.0,1.0,1.0,1.0,1.0,1.0,1.0,1.0,1.0,100.0,369.0,369.0,100.0,253.0,253.0,0.0,00:19:16:53
Sep 25 2023 - 02:30:00,Sep 25 2023 - 02:45:00,BY2720-PCU-2,27201,10.28.73.148,MNG-KNVVB01,0.41,0.07,606.0,53.0,91.0,0.55,420.19,763.31,1.09,726.09,664.47,1.0,2.0,242.0,2.0,8.0,364.0,0.55,418.42,761.57,1.09,723.87,663.77,1.01,1.77,1.74,3.18,2.23,0.7,9.0,91.0,1028.0,0.0,0.0,2703.0,0.0,0.0,7.0,0.0,0.0,3.0,0.0,0.0,239.0,0.0,0.0,356.0,96.0,232.0,242.0,100.0,363.0,364.0,0.0,0.0,0.0,0.0,1.0,1.0,1.0,1.0,0.0,0.0,0.0,0.0,0.0,1016.0,0.0,0.0,0.0,0.0,0.0,2689.0,0.0,0.0,0.0,0.0,0.0,0.0,0.0,12.0,0.0,0.0,0.0,0.0,0.0,14.0,1649.0,1756.0,1939.0,2020.0,2085.0,2210.0,2274.0,2374.0,2440.0,15.0,16.0,19.0,20.0,21.0,23.0,24.0,29.0,33.0,13.0,12.0,10.0,9.0,8.0,6.0,5.0,3.0,2.0,1685.0,1732.0,1776.0,1828.0,1880.0,1956.0,1976.0,2016.0,2102.0,9.0,8.0,7.0,6.0,5.0,4.0,3.0,2.0,1.0,652.0,676.0,700.0,722.0,735.0,763.0,806.0,863.0,932.0,6.0,7.0,7.0,8.0,8.0,9.0,10.0,11.0,13.0,17.0,15.0,13.0,11.0,10.0,8.0,6.0,4.0,2.0,657.0,657.0,657.0,657.0,657.0,657.0,657.0,657.0,657.0,1.0,1.0,1.0,1.0,1.0,1.0,1.0,1.0,1.0,100.0,362.0,362.0,100.0,241.0,241.0,0.0,00:19:31:53
Sep 25 2023 - 02:45:00,Sep 25 2023 - 03:00:00,BY2720-PCU-2,27201,10.28.73.148,MNG-KNVVB01,0.4,0.07,634.0,46.0,65.0,0.54,365.02,675.96,0.87,523.33,602.07,0.0,0.0,241.0,1.0,4.0,393.0,0.43,280.48,650.7,0.42,236.34,566.62,3.35,84.55,25.26,8.1,286.98,35.45,4.0,39.0,1067.0,0.0,0.0,2240.0,0.0,0.0,155.0,0.0,0.0,30.0,0.0,0.0,214.0,0.0,0.0,241.0,99.0,238.0,241.0,100.0,392.0,393.0,0.0,0.0,0.0,0.0,3.0,3.0,3.0,3.0,0.0,0.0,0.0,0.0,0.0,678.0,0.0,0.0,0.0,0.0,0.0,947.0,0.0,0.0,0.0,0.0,0.0,0.0,0.0,389.0,0.0,0.0,0.0,0.0,0.0,1293.0,1649.0,1756.0,1939.0,2020.0,2085.0,2210.0,2274.0,2374.0,2440.0,15.0,16.0,19.0,20.0,21.0,23.0,24.0,29.0,33.0,13.0,12.0,10.0,9.0,8.0,6.0,5.0,3.0,2.0,1685.0,1732.0,1776.0,1828.0,1880.0,1956.0,1976.0,2016.0,2102.0,9.0,8.0,7.0,6.0,5.0,4.0,3.0,2.0,1.0,652.0,676.0,700.0,722.0,735.0,763.0,806.0,863.0,932.0,6.0,7.0,7.0,8.0,8.0,9.0,10.0,11.0,13.0,17.0,15.0,13.0,11.0,10.0,8.0,6.0,4.0,2.0,657.0,657.0,657.0,657.0,657.0,657.0,657.0,657.0,657.0,1.0,1.0,1.0,1.0,1.0,1.0,1.0,1.0,1.0,100.0,393.0,393.0,100.0,241.0,241.0,0.0,00:19:46:53
Sep 25 2023 - 03:00:00,Sep 25 2023 - 03:15:00,BY2720-PCU-2,27201,10.28.73.148,MNG-KNVVB01,0.36,0.04,491.0,39.0,38.0,0.44,314.0,709.87,0.52,303.58,580.28,0.0,1.0,214.0,1.0,4.0,277.0,0.44,312.56,708.6,0.52,302.04,579.95,1.13,1.44,1.27,4.66,1.54,0.33,1.0,5.0,758.0,0.0,0.0,1199.0,0.0,0.0,5.0,0.0,0.0,1.0,0.0,0.0,217.0,0.0,0.0,276.0,96.0,205.0,214.0,100.0,276.0,277.0,0.0,0.0,0.0,0.0,2.0,2.0,1.0,1.0,0.0,0.0,0.0,0.0,0.0,748.0,0.0,0.0,0.0,0.0,0.0,1189.0,0.0,0.0,0.0,0.0,0.0,0.0,0.0,10.0,0.0,0.0,0.0,0.0,0.0,10.0,1556.0,1618.0,1744.0,1803.0,1875.0,2016.0,2111.0,2273.0,2312.0,14.0,15.0,16.0,17.0,18.0,19.0,19.0,21.0,22.0,13.0,12.0,10.0,9.0,8.0,6.0,5.0,3.0,2.0,2772.0,2897.0,3046.0,3231.0,3464.0,4124.0,4681.0,5552.0,5844.0,11.0,10.0,9.0,8.0,7.0,5.0,4.0,3.0,2.0,657.0,689.0,726.0,766.0,766.0,816.0,866.0,938.0,1037.0,6.0,7.0,7.0,8.0,8.0,8.0,9.0,10.0,12.0,8.0,7.0,6.0,5.0,5.0,4.0,3.0,2.0,1.0,0.0,0.0,0.0,0.0,0.0,0.0,0.0,0.0,0.0,1.0,1.0,1.0,1.0,1.0,1.0,1.0,1.0,1.0,100.0,280.0,280.0,100.0,216.0,216.0,0.0,00:20:01:53
Sep 25 2023 - 03:15:00,Sep 25 2023 - 03:30:00,BY2720-PCU-2,27201,10.28.73.148,MNG-KNVVB01,0.36,0.05,524.0,37.0,48.0,0.43,299.92,701.64,0.63,381.08,605.66,0.0,1.0,219.0,2.0,7.0,305.0,0.41,287.25,696.21,0.54,322.47,597.93,2.33,12.67,5.43,7.58,58.61,7.73,2.0,16.0,756.0,0.0,0.0,1515.0,0.0,0.0,36.0,0.0,0.0,7.0,0.0,0.0,215.0,0.0,0.0,268.0,97.0,213.0,219.0,100.0,304.0,305.0,0.0,0.0,0.0,0.0,4.0,4.0,2.0,2.0,0.0,0.0,0.0,0.0,0.0,696.0,0.0,0.0,0.0,0.0,0.0,1249.0,0.0,0.0,0.0,0.0,0.0,0.0,0.0,60.0,0.0,0.0,0.0,0.0,0.0,266.0,1556.0,1618.0,1744.0,1803.0,1875.0,2016.0,2111.0,2273.0,2312.0,14.0,15.0,16.0,17.0,18.0,19.0,19.0,21.0,22.0,13.0,12.0,10.0,9.0,8.0,6.0,5.0,3.0,2.0,2772.0,2897.0,3046.0,3231.0,3464.0,4124.0,4681.0,5552.0,5844.0,11.0,10.0,9.0,8.0,7.0,5.0,4.0,3.0,2.0,657.0,689.0,726.0,766.0,766.0,816.0,866.0,938.0,1037.0,6.0,7.0,7.0,8.0,8.0,8.0,9.0,10.0,12.0,8.0,7.0,6.0,5.0,5.0,4.0,3.0,2.0,1.0,0.0,0.0,0.0,0.0,0.0,0.0,0.0,0.0,0.0,1.0,1.0,1.0,1.0,1.0,1.0,1.0,1.0,1.0,100.0,302.0,302.0,100.0,218.0,218.0,0.0,00:20:16:52
Sep 25 2023 - 03:30:00,Sep 25 2023 - 03:45:00,BY2720-PCU-2,27201,10.28.73.148,MNG-KNVVB01,0.57,0.15,818.0,781.0,378.0,6.87,6250.62,909.55,3.7,3024.8,816.42,0.0,1.0,272.0,1.0,7.0,546.0,7.07,6092.31,861.88,3.34,2489.97,746.33,3.32,158.3,47.67,7.63,534.84,70.09,18.0,2036.0,11576.0,3.0,325.0,10970.0,0.0,0.0,286.0,0.0,0.0,46.0,0.0,0.0,244.0,0.0,0.0,276.0,98.0,267.0,272.0,100.0,546.0,546.0,0.0,0.0,1.0,1.0,17.0,17.0,14.0,14.0,0.0,0.0,0.0,0.0,0.0,10843.0,0.0,0.0,0.0,0.0,0.0,8889.0,0.0,0.0,0.0,0.0,0.0,0.0,0.0,733.0,0.0,0.0,0.0,0.0,0.0,2406.0,1556.0,1618.0,1744.0,1803.0,1875.0,2016.0,2111.0,2273.0,2312.0,14.0,15.0,16.0,17.0,18.0,19.0,19.0,21.0,22.0,13.0,12.0,10.0,9.0,8.0,6.0,5.0,3.0,2.0,2772.0,2897.0,3046.0,3231.0,3464.0,4124.0,4681.0,5552.0,5844.0,11.0,10.0,9.0,8.0,7.0,5.0,4.0,3.0,2.0,657.0,689.0,726.0,766.0,766.0,816.0,866.0,938.0,1037.0,6.0,7.0,7.0,8.0,8.0,8.0,9.0,10.0,12.0,8.0,7.0,6.0,5.0,5.0,4.0,3.0,2.0,1.0,0.0,0.0,0.0,0.0,0.0,0.0,0.0,0.0,0.0,1.0,1.0,1.0,1.0,1.0,1.0,1.0,1.0,1.0,100.0,547.0,547.0,100.0,273.0,273.0,1.0,00:20:31:52
Sep 25 2023 - 03:45:00,Sep 25 2023 - 04:00:00,BY2720-PCU-2,27201,10.28.73.148,MNG-KNVVB01,0.97,0.45,815.0,2115.0,457.0,20.32,16917.74,832.69,4.29,3655.85,851.26,0.0,0.0,272.0,1.0,5.0,543.0,21.31,16763.27,786.72,4.09,3165.07,773.07,3.36,154.48,45.97,6.28,490.78,78.19,15.0,4555.0,29964.0,0.0,49.0,13583.0,0.0,0.0,254.0,0.0,0.0,48.0,0.0,0.0,241.0,0.0,0.0,308.0,99.0,268.0,272.0,100.0,541.0,543.0,2.0,2.0,2.0,2.0,15.0,15.0,15.0,15.0,0.0,0.0,0.0,0.0,0.0,29255.0,0.0,0.0,0.0,0.0,0.0,11431.0,0.0,0.0,0.0,0.0,0.0,0.0,0.0,709.0,0.0,0.0,0.0,0.0,0.0,2201.0,1556.0,1618.0,1744.0,1803.0,1875.0,2016.0,2111.0,2273.0,2312.0,14.0,15.0,16.0,17.0,18.0,19.0,19.0,21.0,22.0,13.0,12.0,10.0,9.0,8.0,6.0,5.0,3.0,2.0,2772.0,2897.0,3046.0,3231.0,3464.0,4124.0,4681.0,5552.0,5844.0,11.0,10.0,9.0,8.0,7.0,5.0,4.0,3.0,2.0,657.0,689.0,726.0,766.0,766.0,816.0,866.0,938.0,1037.0,6.0,7.0,7.0,8.0,8.0,8.0,9.0,10.0,12.0,8.0,7.0,6.0,5.0,5.0,4.0,3.0,2.0,1.0,0.0,0.0,0.0,0.0,0.0,0.0,0.0,0.0,0.0,1.0,1.0,1.0,1.0,1.0,1.0,1.0,1.0,1.0,100.0,545.0,545.0,100.0,272.0,272.0,0.0,00:20:46:52
Sep 25 2023 - 04:00:00,Sep 25 2023 - 04:15:00,BY2720-PCU-2,27201,10.28.73.148,MNG-KNVVB01,0.81,0.49,798.0,7655.0,1279.0,33.18,61242.52,1845.49,9.02,10230.11,1134.09,0.0,1.0,268.0,2.0,9.0,530.0,33.99,61049.2,1795.99,9.26,9697.23,1047.65,3.91,193.31,49.5,6.16,532.88,86.44,26.0,27816.0,106804.0,0.0,17.0,37647.0,0.0,0.0,281.0,0.0,0.0,50.0,0.0,0.0,229.0,0.0,0.0,260.0,99.0,264.0,268.0,99.0,527.0,530.0,0.0,0.0,1.0,1.0,11.0,11.0,11.0,11.0,0.0,0.0,0.0,0.0,0.0,105922.0,0.0,0.0,0.0,0.0,0.0,35268.0,0.0,0.0,0.0,0.0,0.0,0.0,0.0,882.0,0.0,0.0,0.0,0.0,0.0,2396.0,5003.0,5556.0,6212.0,7084.0,7840.0,9388.0,11851.0,16519.0,27400.0,107.0,120.0,136.0,157.0,176.0,215.0,277.0,390.0,657.0,26.0,23.0,20.0,17.0,15.0,12.0,9.0,6.0,3.0,1767.0,1860.0,1980.0,2047.0,2130.0,2302.0,2453.0,2761.0,2967.0,22.0,20.0,17.0,15.0,13.0,10.0,8.0,5.0,3.0,655.0,682.0,715.0,738.0,771.0,807.0,836.0,896.0,976.0,8.0,8.0,9.0,9.0,10.0,11.0,13.0,15.0,17.0,25.0,22.0,19.0,17.0,14.0,11.0,9.0,6.0,3.0,0.0,0.0,0.0,0.0,0.0,0.0,0.0,0.0,0.0,1.0,1.0,1.0,1.0,1.0,1.0,1.0,1.0,1.0,100.0,529.0,529.0,100.0,268.0,268.0,2.0,00:21:01:53
Sep 25 2023 - 04:15:00,Sep 25 2023 - 04:30:00,BY2720-PCU-2,27201,10.28.73.148,MNG-KNVVB01,0.43,0.1,755.0,48.0,85.0,0.49,383.94,785.21,0.37,679.25,1859.67,0.0,1.0,247.0,2.0,8.0,508.0,0.35,264.95,752.02,0.15,261.12,1799.84,3.59,118.99,33.19,6.99,418.13,59.83,3.0,39.0,1198.0,0.0,6.0,2923.0,0.0,0.0,253.0,0.0,0.0,36.0,0.0,0.0,217.0,0.0,0.0,262.0,99.0,244.0,247.0,100.0,507.0,508.0,0.0,0.0,1.0,1.0,7.0,7.0,6.0,6.0,0.0,0.0,0.0,0.0,0.0,656.0,0.0,0.0,0.0,0.0,0.0,1028.0,0.0,0.0,0.0,0.0,0.0,0.0,0.0,542.0,0.0,0.0,0.0,0.0,0.0,1901.0,5003.0,5556.0,6212.0,7084.0,7840.0,9388.0,11851.0,16519.0,27400.0,107.0,120.0,136.0,157.0,176.0,215.0,277.0,390.0,657.0,26.0,23.0,20.0,17.0,15.0,12.0,9.0,6.0,3.0,1767.0,1860.0,1980.0,2047.0,2130.0,2302.0,2453.0,2761.0,2967.0,22.0,20.0,17.0,15.0,13.0,10.0,8.0,5.0,3.0,655.0,682.0,715.0,738.0,771.0,807.0,836.0,896.0,976.0,8.0,8.0,9.0,9.0,10.0,11.0,13.0,15.0,17.0,25.0,22.0,19.0,17.0,14.0,11.0,9.0,6.0,3.0,0.0,0.0,0.0,0.0,0.0,0.0,0.0,0.0,0.0,1.0,1.0,1.0,1.0,1.0,1.0,1.0,1.0,1.0,100.0,508.0,508.0,100.0,246.0,246.0,0.0,00:21:16:53
Sep 25 2023 - 04:30:00,Sep 25 2023 - 04:45:00,BY2720-PCU-2,27201,10.28.73.148,MNG-KNVVB01,0.45,0.09,787.0,56.0,93.0,0.56,451.01,800.8,1.04,746.86,717.71,1.0,2.0,281.0,1.0,6.0,506.0,0.33,249.41,753.31,0.31,204.55,651.86,4.24,201.59,47.49,8.24,542.31,65.85,3.0,43.0,1541.0,0.0,0.0,3261.0,0.0,0.0,275.0,0.0,0.0,54.0,0.0,0.0,231.0,0.0,0.0,233.0,98.0,276.0,281.0,100.0,506.0,506.0,1.0,1.0,0.0,0.0,3.0,3.0,4.0,4.0,0.0,0.0,0.0,0.0,0.0,631.0,0.0,0.0,0.0,0.0,0.0,826.0,0.0,0.0,0.0,0.0,0.0,0.0,0.0,910.0,0.0,0.0,0.0,0.0,0.0,2435.0,5003.0,5556.0,6212.0,7084.0,7840.0,9388.0,11851.0,16519.0,27400.0,107.0,120.0,136.0,157.0,176.0,215.0,277.0,390.0,657.0,26.0,23.0,20.0,17.0,15.0,12.0,9.0,6.0,3.0,1767.0,1860.0,1980.0,2047.0,2130.0,2302.0,2453.0,2761.0,2967.0,22.0,20.0,17.0,15.0,13.0,10.0,8.0,5.0,3.0,655.0,682.0,715.0,738.0,771.0,807.0,836.0,896.0,976.0,8.0,8.0,9.0,9.0,10.0,11.0,13.0,15.0,17.0,25.0,22.0,19.0,17.0,14.0,11.0,9.0,6.0,3.0,0.0,0.0,0.0,0.0,0.0,0.0,0.0,0.0,0.0,1.0,1.0,1.0,1.0,1.0,1.0,1.0,1.0,1.0,100.0,504.0,504.0,100.0,281.0,281.0,0.0,00:21:31:52
Sep 25 2023 - 04:45:00,Sep 25 2023 - 05:00:00,BY2720-PCU-2,27201,10.28.73.148,MNG-KNVVB01,0.45,0.13,795.0,64.0,95.0,0.65,514.92,788.41,1.11,763.88,690.08,0.0,0.0,269.0,1.0,4.0,526.0,0.51,381.95,746.94,0.43,266.96,628.06,3.21,132.98,41.47,8.01,496.92,62.02,5.0,72.0,1491.0,0.0,0.0,3303.0,0.0,0.0,259.0,0.0,0.0,47.0,0.0,0.0,224.0,0.0,0.0,273.0,100.0,268.0,269.0,99.0,522.0,526.0,0.0,0.0,0.0,0.0,2.0,2.0,3.0,3.0,0.0,0.0,0.0,0.0,0.0,879.0,0.0,0.0,0.0,0.0,0.0,1071.0,0.0,0.0,0.0,0.0,0.0,0.0,0.0,612.0,0.0,0.0,0.0,0.0,0.0,2232.0,5003.0,5556.0,6212.0,7084.0,7840.0,9388.0,11851.0,16519.0,27400.0,107.0,120.0,136.0,157.0,176.0,215.0,277.0,390.0,657.0,26.0,23.0,20.0,17.0,15.0,12.0,9.0,6.0,3.0,1767.0,1860.0,1980.0,2047.0,2130.0,2302.0,2453.0,2761.0,2967.0,22.0,20.0,17.0,15.0,13.0,10.0,8.0,5.0,3.0,655.0,682.0,715.0,738.0,771.0,807.0,836.0,896.0,976.0,8.0,8.0,9.0,9.0,10.0,11.0,13.0,15.0,17.0,25.0,22.0,19.0,17.0,14.0,11.0,9.0,6.0,3.0,0.0,0.0,0.0,0.0,0.0,0.0,0.0,0.0,0.0,1.0,1.0,1.0,1.0,1.0,1.0,1.0,1.0,1.0,100.0,529.0,529.0,100.0,269.0,269.0,0.0,00:21:46:53
Sep 25 2023 - 05:00:00,Sep 25 2023 - 05:15:00,BY2720-PCU-2,27201,10.28.73.148,MNG-KNVVB01,0.52,0.29,899.0,89.0,120.0,0.9,711.04,792.44,1.24,957.32,771.09,0.0,0.0,300.0,2.0,9.0,599.0,0.71,526.56,743.67,0.61,421.39,692.28,3.78,184.48,48.77,6.8,535.93,78.81,4.0,87.0,1996.0,0.0,5.0,4026.0,0.0,0.0,288.0,0.0,0.0,51.0,0.0,0.0,259.0,0.0,0.0,326.0,97.0,291.0,300.0,100.0,597.0,599.0,0.0,0.0,2.0,2.0,10.0,10.0,12.0,12.0,0.0,0.0,0.0,0.0,0.0,1151.0,0.0,0.0,0.0,0.0,0.0,1622.0,0.0,0.0,0.0,0.0,0.0,0.0,0.0,845.0,0.0,0.0,0.0,0.0,0.0,2409.0,1689.0,1832.0,1940.0,2025.0,2068.0,2147.0,2208.0,2276.0,2376.0,20.0,22.0,24.0,26.0,27.0,29.0,31.0,33.0,39.0,17.0,15.0,13.0,11.0,10.0,8.0,6.0,4.0,2.0,1283.0,1327.0,1417.0,1474.0,1613.0,1709.0,1790.0,1832.0,1929.0,14.0,13.0,11.0,10.0,8.0,7.0,5.0,4.0,2.0,753.0,790.0,821.0,860.0,888.0,940.0,999.0,1052.0,1141.0,14.0,16.0,17.0,19.0,21.0,25.0,31.0,39.0,66.0,33.0,29.0,26.0,22.0,19.0,15.0,11.0,8.0,4.0,0.0,0.0,0.0,0.0,0.0,0.0,0.0,0.0,0.0,1.0,1.0,1.0,1.0,1.0,1.0,1.0,1.0,1.0,100.0,600.0,600.0,100.0,300.0,300.0,2.0,00:22:01:53
Sep 25 2023 - 05:15:00,Sep 25 2023 - 05:30:00,BY2720-PCU-2,27201,10.28.73.148,MNG-KNVVB01,0.75,0.27,1050.0,647.0,644.0,3.96,5172.38,1307.46,2.28,5153.0,2257.57,0.0,1.0,333.0,3.0,20.0,717.0,3.98,5021.75,1260.58,2.16,4715.55,2179.23,3.21,150.63,46.88,5.58,437.45,78.34,10.0,1021.0,10152.0,0.0,82.0,18653.0,0.0,0.0,251.0,0.0,0.0,50.0,0.0,0.0,338.0,0.0,0.0,515.0,96.0,319.0,333.0,99.0,711.0,717.0,4.0,4.0,4.0,4.0,50.0,50.0,45.0,45.0,0.0,0.0,0.0,0.0,0.0,9460.0,0.0,0.0,0.0,0.0,0.0,16767.0,0.0,0.0,0.0,0.0,0.0,0.0,0.0,692.0,0.0,0.0,0.0,0.0,0.0,1968.0,1689.0,1832.0,1940.0,2025.0,2068.0,2147.0,2208.0,2276.0,2376.0,20.0,22.0,24.0,26.0,27.0,29.0,31.0,33.0,39.0,17.0,15.0,13.0,11.0,10.0,8.0,6.0,4.0,2.0,1283.0,1327.0,1417.0,1474.0,1613.0,1709.0,1790.0,1832.0,1929.0,14.0,13.0,11.0,10.0,8.0,7.0,5.0,4.0,2.0,753.0,790.0,821.0,860.0,888.0,940.0,999.0,1052.0,1141.0,14.0,16.0,17.0,19.0,21.0,25.0,31.0,39.0,66.0,33.0,29.0,26.0,22.0,19.0,15.0,11.0,8.0,4.0,0.0,0.0,0.0,0.0,0.0,0.0,0.0,0.0,0.0,1.0,1.0,1.0,1.0,1.0,1.0,1.0,1.0,1.0,100.0,717.0,717.0,100.0,334.0,334.0,2.0,00:22:16:53
Sep 25 2023 - 05:30:00,Sep 25 2023 - 05:45:00,BY2720-PCU-2,27201,10.28.73.148,MNG-KNVVB01,0.88,0.44,883.0,1338.0,1391.0,11.48,10702.7,932.35,11.53,11128.23,965.06,1.0,3.0,301.0,4.0,21.0,582.0,11.93,10540.96,883.83,12.02,10729.48,892.92,3.33,161.74,48.52,5.53,398.76,72.14,8.0,1644.0,19752.0,2.0,768.0,39119.0,0.0,0.0,224.0,0.0,0.0,51.0,0.0,0.0,332.0,0.0,0.0,431.0,90.0,271.0,301.0,99.0,575.0,582.0,6.0,6.0,2.0,2.0,75.0,75.0,72.0,72.0,0.0,0.0,0.0,0.0,0.0,19001.0,0.0,0.0,0.0,0.0,0.0,38069.0,0.0,0.0,0.0,0.0,0.0,0.0,0.0,751.0,0.0,0.0,0.0,0.0,0.0,1818.0,1689.0,1832.0,1940.0,2025.0,2068.0,2147.0,2208.0,2276.0,2376.0,20.0,22.0,24.0,26.0,27.0,29.0,31.0,33.0,39.0,17.0,15.0,13.0,11.0,10.0,8.0,6.0,4.0,2.0,1283.0,1327.0,1417.0,1474.0,1613.0,1709.0,1790.0,1832.0,1929.0,14.0,13.0,11.0,10.0,8.0,7.0,5.0,4.0,2.0,753.0,790.0,821.0,860.0,888.0,940.0,999.0,1052.0,1141.0,14.0,16.0,17.0,19.0,21.0,25.0,31.0,39.0,66.0,33.0,29.0,26.0,22.0,19.0,15.0,11.0,8.0,4.0,0.0,0.0,0.0,0.0,0.0,0.0,0.0,0.0,0.0,1.0,1.0,1.0,1.0,1.0,1.0,1.0,1.0,1.0,100.0,581.0,581.0,100.0,302.0,302.0,7.0,00:22:31:53
Sep 25 2023 - 05:45:00,Sep 25 2023 - 06:00:00,BY2720-PCU-2,27201,10.28.73.148,MNG-KNVVB01,0.94,0.51,650.0,4758.0,1631.0,42.91,38065.41,887.2,15.04,13049.23,867.35,2.0,6.0,277.0,6.0,21.0,373.0,43.03,38061.1,884.49,15.1,13045.62,864.09,1.59,4.3,2.71,1.11,3.61,3.26,6.0,3773.0,66533.0,0.0,172.0,45855.0,0.0,0.0,12.0,0.0,0.0,21.0,0.0,0.0,297.0,0.0,0.0,386.0,89.0,247.0,277.0,98.0,367.0,373.0,0.0,0.0,0.0,0.0,44.0,44.0,28.0,28.0,0.0,0.0,0.0,0.0,0.0,66505.0,0.0,0.0,0.0,0.0,0.0,46005.0,0.0,0.0,0.0,0.0,0.0,0.0,0.0,28.0,0.0,0.0,0.0,0.0,0.0,22.0,1689.0,1832.0,1940.0,2025.0,2068.0,2147.0,2208.0,2276.0,2376.0,20.0,22.0,24.0,26.0,27.0,29.0,31.0,33.0,39.0,17.0,15.0,13.0,11.0,10.0,8.0,6.0,4.0,2.0,1283.0,1327.0,1417.0,1474.0,1613.0,1709.0,1790.0,1832.0,1929.0,14.0,13.0,11.0,10.0,8.0,7.0,5.0,4.0,2.0,753.0,790.0,821.0,860.0,888.0,940.0,999.0,1052.0,1141.0,14.0,16.0,17.0,19.0,21.0,25.0,31.0,39.0,66.0,33.0,29.0,26.0,22.0,19.0,15.0,11.0,8.0,4.0,0.0,0.0,0.0,0.0,0.0,0.0,0.0,0.0,0.0,1.0,1.0,1.0,1.0,1.0,1.0,1.0,1.0,1.0,100.0,370.0,370.0,100.0,274.0,274.0,3.0,00:22:46:53
Sep 25 2023 - 06:00:00,Sep 25 2023 - 06:15:00,BY2720-PCU-2,27201,10.28.73.148,MNG-KNVVB01,1.07,0.58,942.0,9872.0,1219.0,60.87,78977.02,1297.38,12.25,9753.28,796.35,4.0,10.0,276.0,5.0,32.0,666.0,61.81,78905.02,1276.67,12.69,9632.38,759.2,3.48,71.99,20.71,3.25,120.9,37.15,9.0,12868.0,137436.0,0.0,158.0,35175.0,0.0,0.0,109.0,0.0,0.0,22.0,0.0,0.0,351.0,0.0,0.0,632.0,87.0,241.0,276.0,100.0,663.0,666.0,3.0,3.0,4.0,4.0,90.0,90.0,67.0,67.0,0.0,0.0,0.0,0.0,0.0,137093.0,0.0,0.0,0.0,0.0,0.0,34755.0,0.0,0.0,0.0,0.0,0.0,0.0,0.0,343.0,0.0,0.0,0.0,0.0,0.0,578.0,3302.0,3649.0,4066.0,4575.0,5212.0,6096.0,7441.0,9804.0,15311.0,47.0,52.0,58.0,67.0,77.0,89.0,107.0,134.0,179.0,100.0,89.0,78.0,67.0,56.0,45.0,34.0,23.0,12.0,8077.0,8969.0,10095.0,11535.0,13470.0,16236.0,20515.0,27802.0,43588.0,73.0,65.0,57.0,49.0,41.0,33.0,25.0,17.0,9.0,693.0,716.0,754.0,782.0,813.0,870.0,918.0,1001.0,1075.0,11.0,12.0,13.0,15.0,16.0,19.0,22.0,27.0,33.0,22.0,20.0,17.0,15.0,13.0,10.0,8.0,5.0,3.0,0.0,0.0,0.0,0.0,0.0,0.0,0.0,0.0,0.0,1.0,1.0,1.0,1.0,1.0,1.0,1.0,1.0,1.0,100.0,670.0,670.0,100.0,280.0,280.0,6.0,00:23:01:53
Sep 25 2023 - 06:15:00,Sep 25 2023 - 06:30:00,BY2720-PCU-2,27201,10.28.73.148,MNG-KNVVB01,0.77,0.39,1267.0,1595.0,1437.0,12.88,12759.55,990.44,12.21,11496.18,941.4,1.0,3.0,334.0,3.0,29.0,933.0,13.03,12709.71,975.42,12.36,11351.0,918.27,3.32,49.84,15.02,6.28,145.18,23.13,20.0,4731.0,23210.0,0.0,195.0,40518.0,0.0,0.0,81.0,0.0,0.0,16.0,0.0,0.0,396.0,0.0,0.0,912.0,93.0,311.0,334.0,93.0,866.0,933.0,0.0,0.0,0.0,0.0,80.0,80.0,60.0,60.0,0.0,0.0,0.0,0.0,0.0,22982.0,0.0,0.0,0.0,0.0,0.0,40060.0,0.0,0.0,0.0,0.0,0.0,0.0,0.0,228.0,0.0,0.0,0.0,0.0,0.0,653.0,3302.0,3649.0,4066.0,4575.0,5212.0,6096.0,7441.0,9804.0,15311.0,47.0,52.0,58.0,67.0,77.0,89.0,107.0,134.0,179.0,100.0,89.0,78.0,67.0,56.0,45.0,34.0,23.0,12.0,8077.0,8969.0,10095.0,11535.0,13470.0,16236.0,20515.0,27802.0,43588.0,73.0,65.0,57.0,49.0,41.0,33.0,25.0,17.0,9.0,693.0,716.0,754.0,782.0,813.0,870.0,918.0,1001.0,1075.0,11.0,12.0,13.0,15.0,16.0,19.0,22.0,27.0,33.0,22.0,20.0,17.0,15.0,13.0,10.0,8.0,5.0,3.0,0.0,0.0,0.0,0.0,0.0,0.0,0.0,0.0,0.0,1.0,1.0,1.0,1.0,1.0,1.0,1.0,1.0,1.0,100.0,933.0,933.0,100.0,332.0,332.0,5.0,00:23:16:54
Sep 25 2023 - 06:30:00,Sep 25 2023 - 06:45:00,BY2720-PCU-2,27201,10.28.73.148,MNG-KNVVB01,0.76,0.32,1099.0,1651.0,1110.0,9.83,13210.73,1343.96,7.38,8880.36,1202.84,3.0,11.0,391.0,6.0,40.0,708.0,9.85,13208.22,1341.59,7.39,8877.05,1201.58,1.06,2.52,2.37,2.63,3.31,1.26,18.0,4382.0,23719.0,0.0,108.0,31358.0,0.0,0.0,29.0,0.0,0.0,9.0,0.0,0.0,464.0,0.0,0.0,744.0,86.0,338.0,391.0,80.0,563.0,708.0,0.0,0.0,0.0,0.0,80.0,80.0,64.0,64.0,0.0,0.0,0.0,0.0,0.0,23701.0,0.0,0.0,0.0,0.0,0.0,31446.0,0.0,0.0,0.0,0.0,0.0,0.0,0.0,18.0,0.0,0.0,0.0,0.0,0.0,20.0,3302.0,3649.0,4066.0,4575.0,5212.0,6096.0,7441.0,9804.0,15311.0,47.0,52.0,58.0,67.0,77.0,89.0,107.0,134.0,179.0,100.0,89.0,78.0,67.0,56.0,45.0,34.0,23.0,12.0,8077.0,8969.0,10095.0,11535.0,13470.0,16236.0,20515.0,27802.0,43588.0,73.0,65.0,57.0,49.0,41.0,33.0,25.0,17.0,9.0,693.0,716.0,754.0,782.0,813.0,870.0,918.0,1001.0,1075.0,11.0,12.0,13.0,15.0,16.0,19.0,22.0,27.0,33.0,22.0,20.0,17.0,15.0,13.0,10.0,8.0,5.0,3.0,0.0,0.0,0.0,0.0,0.0,0.0,0.0,0.0,0.0,1.0,1.0,1.0,1.0,1.0,1.0,1.0,1.0,1.0,100.0,709.0,709.0,100.0,393.0,393.0,6.0,00:23:31:53
Sep 25 2023 - 06:45:00,Sep 25 2023 - 07:00:00,BY2720-PCU-2,27201,10.28.73.148,MNG-KNVVB01,0.83,0.34,1388.0,1341.0,1109.0,8.17,10731.87,1313.7,8.18,8874.42,1085.52,2.0,9.0,397.0,5.0,45.0,991.0,8.36,10573.59,1265.04,8.32,8428.14,1013.25,3.25,158.27,48.66,6.18,446.28,72.27,17.0,3511.0,20106.0,0.0,146.0,31717.0,0.0,0.0,299.0,0.0,0.0,48.0,0.0,0.0,416.0,0.0,0.0,759.0,92.0,367.0,397.0,72.0,709.0,991.0,3.0,3.0,3.0,3.0,63.0,63.0,63.0,63.0,0.0,0.0,0.0,0.0,0.0,19375.0,0.0,0.0,0.0,0.0,0.0,29847.0,0.0,0.0,0.0,0.0,0.0,0.0,0.0,731.0,0.0,0.0,0.0,0.0,0.0,2016.0,3302.0,3649.0,4066.0,4575.0,5212.0,6096.0,7441.0,9804.0,15311.0,47.0,52.0,58.0,67.0,77.0,89.0,107.0,134.0,179.0,100.0,89.0,78.0,67.0,56.0,45.0,34.0,23.0,12.0,8077.0,8969.0,10095.0,11535.0,13470.0,16236.0,20515.0,27802.0,43588.0,73.0,65.0,57.0,49.0,41.0,33.0,25.0,17.0,9.0,693.0,716.0,754.0,782.0,813.0,870.0,918.0,1001.0,1075.0,11.0,12.0,13.0,15.0,16.0,19.0,22.0,27.0,33.0,22.0,20.0,17.0,15.0,13.0,10.0,8.0,5.0,3.0,0.0,0.0,0.0,0.0,0.0,0.0,0.0,0.0,0.0,1.0,1.0,1.0,1.0,1.0,1.0,1.0,1.0,1.0,100.0,992.0,992.0,100.0,398.0,398.0,9.0,00:23:46:53
Sep 25 2023 - 07:00:00,Sep 25 2023 - 07:15:00,BY2720-PCU-2,27201,10.28.73.148,MNG-KNVVB01,0.73,0.27,1403.0,1761.0,703.0,15.15,14085.51,929.5,7.28,5620.48,771.94,5.0,15.0,279.0,5.0,57.0,1124.0,15.91,13883.67,872.72,7.53,5163.23,685.82,3.55,201.84,56.78,5.31,457.24,86.12,11.0,2902.0,25585.0,1.0,144.0,20342.0,0.0,0.0,269.0,0.0,0.0,57.0,0.0,0.0,299.0,0.0,0.0,910.0,94.0,262.0,279.0,81.0,914.0,1124.0,3.0,3.0,6.0,6.0,77.0,77.0,52.0,52.0,0.0,0.0,0.0,0.0,0.0,24671.0,0.0,0.0,0.0,0.0,0.0,18436.0,0.0,0.0,0.0,0.0,0.0,0.0,0.0,914.0,0.0,0.0,0.0,0.0,0.0,2050.0,3863.0,4258.0,4723.0,5288.0,6005.0,6993.0,8502.0,11123.0,17829.0,51.0,57.0,63.0,71.0,81.0,93.0,109.0,132.0,171.0,154.0,137.0,120.0,103.0,86.0,69.0,52.0,35.0,18.0,10973.0,12241.0,13834.0,15911.0,18754.0,22895.0,29206.0,39638.0,63201.0,118.0,105.0,92.0,79.0,66.0,53.0,40.0,27.0,14.0,700.0,724.0,751.0,779.0,807.0,843.0,884.0,946.0,1054.0,13.0,14.0,15.0,16.0,18.0,21.0,25.0,33.0,48.0,19.0,17.0,15.0,13.0,11.0,9.0,7.0,5.0,3.0,851.0,851.0,900.0,900.0,960.0,960.0,1052.0,1052.0,1310.0,5.0,5.0,4.0,4.0,3.0,3.0,2.0,2.0,1.0,100.0,1121.0,1121.0,100.0,276.0,276.0,10.0,01:00:01:53
Sep 25 2023 - 00:00:00,Sep 25 2023 - 00:15:00,DL5037-PCU,50371,10.28.73.26,MNG-KNVVB01,0.19,0.08,478.0,37.0,101.0,3.32,296.19,89.19,8.0,806.47,100.82,0.0,0.0,88.0,0.0,1.0,390.0,1.75,18.05,10.29,6.46,195.74,30.29,3.53,278.13,78.9,8.66,610.73,70.53,5.0,62.0,1347.0,0.0,0.0,3473.0,0.0,0.0,365.0,0.0,0.0,63.0,0.0,0.0,26.0,0.0,0.0,27.0,97.0,85.0,88.0,100.0,390.0,390.0,0.0,0.0,0.0,0.0,0.0,0.0,0.0,0.0,0.0,0.0,0.0,0.0,0.0,50.0,0.0,0.0,0.0,0.0,0.0,697.0,0.0,0.0,0.0,0.0,0.0,0.0,0.0,1297.0,0.0,0.0,0.0,0.0,0.0,2776.0,1967.0,2070.0,2181.0,2245.0,2326.0,2559.0,2748.0,3014.0,3503.0,53.0,58.0,61.0,65.0,68.0,76.0,79.0,85.0,91.0,11.0,10.0,9.0,8.0,7.0,5.0,4.0,3.0,2.0,1606.0,1628.0,1644.0,1661.0,1677.0,1704.0,1745.0,1822.0,2038.0,44.0,39.0,34.0,29.0,25.0,20.0,15.0,10.0,5.0,765.0,792.0,814.0,842.0,863.0,892.0,935.0,988.0,1117.0,20.0,22.0,24.0,27.0,30.0,35.0,43.0,55.0,95.0,42.0,37.0,33.0,28.0,24.0,19.0,14.0,10.0,5.0,0.0,0.0,0.0,0.0,0.0,0.0,0.0,0.0,0.0,1.0,1.0,1.0,1.0,1.0,1.0,1.0,1.0,1.0,100.0,392.0,392.0,100.0,89.0,89.0,1.0,00:04:27:25
Sep 25 2023 - 00:15:00,Sep 25 2023 - 00:30:00,DL5037-PCU,50371,10.28.73.26,MNG-KNVVB01,0.25,0.11,443.0,482.0,201.0,22.31,3854.93,172.76,10.89,1604.15,147.32,1.0,1.0,103.0,1.0,4.0,340.0,43.49,3594.75,82.66,13.4,1088.45,81.2,2.89,260.18,90.1,7.8,515.7,66.12,13.0,982.0,7480.0,1.0,31.0,6182.0,0.0,0.0,308.0,0.0,0.0,64.0,0.0,0.0,46.0,0.0,0.0,37.0,96.0,99.0,103.0,99.0,336.0,340.0,0.0,0.0,0.0,0.0,8.0,8.0,6.0,6.0,0.0,0.0,0.0,0.0,0.0,6291.0,0.0,0.0,0.0,0.0,0.0,3878.0,0.0,0.0,0.0,0.0,0.0,0.0,0.0,1189.0,0.0,0.0,0.0,0.0,0.0,2335.0,1967.0,2070.0,2181.0,2245.0,2326.0,2559.0,2748.0,3014.0,3503.0,53.0,58.0,61.0,65.0,68.0,76.0,79.0,85.0,91.0,11.0,10.0,9.0,8.0,7.0,5.0,4.0,3.0,2.0,1606.0,1628.0,1644.0,1661.0,1677.0,1704.0,1745.0,1822.0,2038.0,44.0,39.0,34.0,29.0,25.0,20.0,15.0,10.0,5.0,765.0,792.0,814.0,842.0,863.0,892.0,935.0,988.0,1117.0,20.0,22.0,24.0,27.0,30.0,35.0,43.0,55.0,95.0,42.0,37.0,33.0,28.0,24.0,19.0,14.0,10.0,5.0,0.0,0.0,0.0,0.0,0.0,0.0,0.0,0.0,0.0,1.0,1.0,1.0,1.0,1.0,1.0,1.0,1.0,1.0,100.0,339.0,339.0,100.0,102.0,102.0,0.0,00:04:42:25
Sep 25 2023 - 00:30:00,Sep 25 2023 - 00:45:00,DL5037-PCU,50371,10.28.73.26,MNG-KNVVB01,0.18,0.08,465.0,71.0,130.0,5.01,567.77,113.33,9.81,1041.71,106.15,0.0,0.0,88.0,0.0,1.0,377.0,2.02,17.35,8.58,5.42,193.86,35.75,5.25,550.42,104.75,12.04,847.85,70.4,3.0,79.0,2551.0,0.0,0.0,4485.0,0.0,0.0,350.0,0.0,0.0,63.0,0.0,0.0,26.0,0.0,0.0,26.0,98.0,86.0,88.0,100.0,376.0,377.0,0.0,0.0,0.0,0.0,0.0,0.0,0.0,0.0,0.0,0.0,0.0,0.0,0.0,44.0,0.0,0.0,0.0,0.0,0.0,690.0,0.0,0.0,0.0,0.0,0.0,0.0,0.0,2507.0,0.0,0.0,0.0,0.0,0.0,3795.0,1967.0,2070.0,2181.0,2245.0,2326.0,2559.0,2748.0,3014.0,3503.0,53.0,58.0,61.0,65.0,68.0,76.0,79.0,85.0,91.0,11.0,10.0,9.0,8.0,7.0,5.0,4.0,3.0,2.0,1606.0,1628.0,1644.0,1661.0,1677.0,1704.0,1745.0,1822.0,2038.0,44.0,39.0,34.0,29.0,25.0,20.0,15.0,10.0,5.0,765.0,792.0,814.0,842.0,863.0,892.0,935.0,988.0,1117.0,20.0,22.0,24.0,27.0,30.0,35.0,43.0,55.0,95.0,42.0,37.0,33.0,28.0,24.0,19.0,14.0,10.0,5.0,0.0,0.0,0.0,0.0,0.0,0.0,0.0,0.0,0.0,1.0,1.0,1.0,1.0,1.0,1.0,1.0,1.0,1.0,100.0,376.0,376.0,100.0,89.0,89.0,0.0,00:04:57:26
Sep 25 2023 - 00:45:00,Sep 25 2023 - 01:00:00,DL5037-PCU,50371,10.28.73.26,MNG-KNVVB01,0.45,0.28,445.0,1077.0,1052.0,18.27,8618.2,471.6,52.79,8416.38,159.43,1.0,1.0,110.0,0.0,1.0,335.0,23.57,7616.99,323.15,75.64,7211.5,95.34,6.74,1001.21,148.45,18.8,1204.88,64.09,13.0,2265.0,18050.0,0.0,129.0,30497.0,0.0,0.0,289.0,0.0,0.0,60.0,0.0,0.0,85.0,0.0,0.0,82.0,99.0,109.0,110.0,99.0,332.0,335.0,0.0,0.0,0.0,0.0,35.0,35.0,35.0,35.0,0.0,0.0,0.0,0.0,0.0,13634.0,0.0,0.0,0.0,0.0,0.0,25287.0,0.0,0.0,0.0,0.0,0.0,0.0,0.0,4416.0,0.0,0.0,0.0,0.0,0.0,5339.0,7328.0,7328.0,8747.0,8747.0,11080.0,11080.0,15683.0,15683.0,24643.0,73.0,73.0,82.0,82.0,96.0,96.0,118.0,118.0,145.0,5.0,5.0,4.0,4.0,3.0,3.0,2.0,2.0,1.0,1762.0,1790.0,1831.0,1873.0,1941.0,2020.0,2177.0,2409.0,3218.0,41.0,37.0,32.0,28.0,23.0,19.0,14.0,10.0,5.0,806.0,834.0,863.0,895.0,931.0,971.0,1022.0,1094.0,1233.0,58.0,64.0,72.0,83.0,97.0,118.0,152.0,216.0,382.0,46.0,41.0,36.0,31.0,26.0,21.0,16.0,11.0,6.0,20258.0,20258.0,20258.0,28038.0,28038.0,28038.0,32125.0,32125.0,32125.0,3.0,3.0,3.0,2.0,2.0,2.0,1.0,1.0,1.0,100.0,336.0,336.0,100.0,110.0,110.0,1.0,00:05:12:26
Sep 25 2023 - 01:00:00,Sep 25 2023 - 01:15:00,DL5037-PCU,50371,10.28.73.26,MNG-KNVVB01,0.47,0.4,473.0,972.0,2183.0,12.25,7778.95,634.82,69.07,17460.91,252.79,1.0,1.0,96.0,1.0,3.0,377.0,13.73,6853.55,499.16,91.27,16219.7,177.71,6.82,925.39,135.66,16.53,1241.21,75.08,11.0,1801.0,16421.0,0.0,89.0,61847.0,0.0,0.0,343.0,0.0,0.0,60.0,0.0,0.0,60.0,0.0,0.0,58.0,100.0,96.0,96.0,100.0,377.0,377.0,0.0,0.0,0.0,0.0,24.0,24.0,24.0,24.0,0.0,0.0,0.0,0.0,0.0,12332.0,0.0,0.0,0.0,0.0,0.0,56429.0,0.0,0.0,0.0,0.0,0.0,0.0,0.0,4089.0,0.0,0.0,0.0,0.0,0.0,5507.0,7328.0,7328.0,8747.0,8747.0,11080.0,11080.0,15683.0,15683.0,24643.0,73.0,73.0,82.0,82.0,96.0,96.0,118.0,118.0,145.0,5.0,5.0,4.0,4.0,3.0,3.0,2.0,2.0,1.0,1762.0,1790.0,1831.0,1873.0,1941.0,2020.0,2177.0,2409.0,3218.0,41.0,37.0,32.0,28.0,23.0,19.0,14.0,10.0,5.0,806.0,834.0,863.0,895.0,931.0,971.0,1022.0,1094.0,1233.0,58.0,64.0,72.0,83.0,97.0,118.0,152.0,216.0,382.0,46.0,41.0,36.0,31.0,26.0,21.0,16.0,11.0,6.0,20258.0,20258.0,20258.0,28038.0,28038.0,28038.0,32125.0,32125.0,32125.0,3.0,3.0,3.0,2.0,2.0,2.0,1.0,1.0,1.0,100.0,377.0,377.0,100.0,96.0,96.0,0.0,00:05:27:25
Sep 25 2023 - 01:15:00,Sep 25 2023 - 01:30:00,DL5037-PCU,50371,10.28.73.26,MNG-KNVVB01,0.64,0.49,525.0,986.0,1350.0,14.44,7891.12,546.58,28.78,10802.17,375.39,0.0,0.0,105.0,0.0,2.0,420.0,17.52,6942.44,396.33,32.95,9520.86,288.91,6.31,948.68,150.25,14.82,1281.31,86.48,10.0,1721.0,16913.0,0.0,161.0,38801.0,0.0,0.0,389.0,0.0,0.0,74.0,0.0,0.0,64.0,0.0,0.0,64.0,91.0,96.0,105.0,100.0,418.0,420.0,0.0,0.0,0.0,0.0,32.0,32.0,30.0,30.0,0.0,0.0,0.0,0.0,0.0,12695.0,0.0,0.0,0.0,0.0,0.0,33258.0,0.0,0.0,0.0,0.0,0.0,0.0,0.0,4218.0,0.0,0.0,0.0,0.0,0.0,5704.0,7328.0,7328.0,8747.0,8747.0,11080.0,11080.0,15683.0,15683.0,24643.0,73.0,73.0,82.0,82.0,96.0,96.0,118.0,118.0,145.0,5.0,5.0,4.0,4.0,3.0,3.0,2.0,2.0,1.0,1762.0,1790.0,1831.0,1873.0,1941.0,2020.0,2177.0,2409.0,3218.0,41.0,37.0,32.0,28.0,23.0,19.0,14.0,10.0,5.0,806.0,834.0,863.0,895.0,931.0,971.0,1022.0,1094.0,1233.0,58.0,64.0,72.0,83.0,97.0,118.0,152.0,216.0,382.0,46.0,41.0,36.0,31.0,26.0,21.0,16.0,11.0,6.0,20258.0,20258.0,20258.0,28038.0,28038.0,28038.0,32125.0,32125.0,32125.0,3.0,3.0,3.0,2.0,2.0,2.0,1.0,1.0,1.0,100.0,423.0,423.0,100.0,106.0,106.0,3.0,00:05:42:25
Sep 25 2023 - 01:30:00,Sep 25 2023 - 01:45:00,DL5037-PCU,50371,10.28.73.26,MNG-KNVVB01,0.6,0.48,487.0,995.0,3723.0,8.51,7957.99,935.31,31.18,29780.39,955.13,1.0,1.0,102.0,0.0,1.0,385.0,8.96,7640.01,852.8,32.93,29199.23,886.8,3.85,317.98,82.51,8.51,581.16,68.33,11.0,1703.0,15690.0,0.0,158.0,103849.0,0.0,0.0,356.0,0.0,0.0,74.0,0.0,0.0,54.0,0.0,0.0,54.0,98.0,100.0,102.0,100.0,384.0,385.0,0.0,0.0,0.0,0.0,27.0,27.0,27.0,27.0,0.0,0.0,0.0,0.0,0.0,14226.0,0.0,0.0,0.0,0.0,0.0,101359.0,0.0,0.0,0.0,0.0,0.0,0.0,0.0,1464.0,0.0,0.0,0.0,0.0,0.0,2648.0,7328.0,7328.0,8747.0,8747.0,11080.0,11080.0,15683.0,15683.0,24643.0,73.0,73.0,82.0,82.0,96.0,96.0,118.0,118.0,145.0,5.0,5.0,4.0,4.0,3.0,3.0,2.0,2.0,1.0,1762.0,1790.0,1831.0,1873.0,1941.0,2020.0,2177.0,2409.0,3218.0,41.0,37.0,32.0,28.0,23.0,19.0,14.0,10.0,5.0,806.0,834.0,863.0,895.0,931.0,971.0,1022.0,1094.0,1233.0,58.0,64.0,72.0,83.0,97.0,118.0,152.0,216.0,382.0,46.0,41.0,36.0,31.0,26.0,21.0,16.0,11.0,6.0,20258.0,20258.0,20258.0,28038.0,28038.0,28038.0,32125.0,32125.0,32125.0,3.0,3.0,3.0,2.0,2.0,2.0,1.0,1.0,1.0,100.0,383.0,383.0,100.0,101.0,101.0,1.0,00:05:57:26
Sep 25 2023 - 01:45:00,Sep 25 2023 - 02:00:00,DL5037-PCU,50371,10.28.73.26,MNG-KNVVB01,0.47,0.26,465.0,2027.0,1275.0,29.14,16214.57,556.45,24.98,10201.81,408.36,1.0,1.0,104.0,0.0,0.0,361.0,32.76,15951.63,486.98,28.22,9629.43,341.26,3.78,262.94,69.47,8.53,572.38,67.1,18.0,5340.0,29462.0,0.0,148.0,36138.0,0.0,0.0,316.0,0.0,0.0,60.0,0.0,0.0,70.0,0.0,0.0,70.0,99.0,103.0,104.0,99.0,357.0,361.0,0.0,0.0,0.0,0.0,26.0,26.0,26.0,26.0,0.0,0.0,0.0,0.0,0.0,28249.0,0.0,0.0,0.0,0.0,0.0,33698.0,0.0,0.0,0.0,0.0,0.0,0.0,0.0,1213.0,0.0,0.0,0.0,0.0,0.0,2588.0,5091.0,5691.0,6159.0,7047.0,7814.0,9340.0,11609.0,14248.0,23918.0,40.0,45.0,49.0,56.0,63.0,76.0,93.0,107.0,146.0,24.0,21.0,19.0,16.0,14.0,11.0,8.0,6.0,3.0,21955.0,24593.0,28007.0,31944.0,38171.0,47609.0,60422.0,86529.0,150549.0,70.0,62.0,54.0,47.0,39.0,31.0,24.0,16.0,8.0,807.0,844.0,875.0,919.0,967.0,1039.0,1140.0,1286.0,1396.0,131.0,147.0,165.0,193.0,225.0,282.0,377.0,529.0,810.0,51.0,45.0,40.0,34.0,29.0,23.0,17.0,12.0,6.0,23185.0,23901.0,24607.0,25250.0,25250.0,25895.0,26530.0,27800.0,27916.0,8.0,7.0,6.0,5.0,5.0,4.0,3.0,2.0,1.0,100.0,360.0,360.0,100.0,104.0,104.0,0.0,00:06:12:25
Sep 25 2023 - 02:00:00,Sep 25 2023 - 02:15:00,DL5037-PCU,50371,10.28.73.26,MNG-KNVVB01,0.44,0.26,490.0,1163.0,955.0,18.72,9304.49,497.01,20.62,7638.68,370.44,0.0,0.0,116.0,0.0,0.0,374.0,26.2,8133.2,310.48,21.05,6205.62,294.75,6.28,1171.29,186.53,18.93,1433.05,75.69,11.0,2234.0,19611.0,0.0,56.0,27978.0,0.0,0.0,340.0,0.0,0.0,83.0,0.0,0.0,51.0,0.0,0.0,53.0,89.0,103.0,116.0,100.0,373.0,374.0,0.0,0.0,0.0,0.0,18.0,18.0,18.0,18.0,0.0,0.0,0.0,0.0,0.0,14454.0,0.0,0.0,0.0,0.0,0.0,21687.0,0.0,0.0,0.0,0.0,0.0,0.0,0.0,5157.0,0.0,0.0,0.0,0.0,0.0,6347.0,5091.0,5691.0,6159.0,7047.0,7814.0,9340.0,11609.0,14248.0,23918.0,40.0,45.0,49.0,56.0,63.0,76.0,93.0,107.0,146.0,24.0,21.0,19.0,16.0,14.0,11.0,8.0,6.0,3.0,21955.0,24593.0,28007.0,31944.0,38171.0,47609.0,60422.0,86529.0,150549.0,70.0,62.0,54.0,47.0,39.0,31.0,24.0,16.0,8.0,807.0,844.0,875.0,919.0,967.0,1039.0,1140.0,1286.0,1396.0,131.0,147.0,165.0,193.0,225.0,282.0,377.0,529.0,810.0,51.0,45.0,40.0,34.0,29.0,23.0,17.0,12.0,6.0,23185.0,23901.0,24607.0,25250.0,25250.0,25895.0,26530.0,27800.0,27916.0,8.0,7.0,6.0,5.0,5.0,4.0,3.0,2.0,1.0,100.0,375.0,375.0,100.0,116.0,116.0,0.0,00:06:27:26
Sep 25 2023 - 02:15:00,Sep 25 2023 - 02:30:00,DL5037-PCU,50371,10.28.73.26,MNG-KNVVB01,0.62,0.36,524.0,2379.0,1636.0,28.61,19035.3,665.26,35.86,13088.63,365.0,0.0,0.0,112.0,1.0,3.0,412.0,32.79,17974.82,548.24,40.51,11753.19,290.14,9.06,1060.48,117.02,17.84,1335.45,74.86,14.0,5056.0,36527.0,0.0,107.0,46892.0,0.0,0.0,355.0,0.0,0.0,71.0,0.0,0.0,77.0,0.0,0.0,90.0,99.0,111.0,112.0,98.0,404.0,412.0,0.0,0.0,0.0,0.0,34.0,34.0,33.0,33.0,0.0,0.0,0.0,0.0,0.0,31848.0,0.0,0.0,0.0,0.0,0.0,41080.0,0.0,0.0,0.0,0.0,0.0,0.0,0.0,4679.0,0.0,0.0,0.0,0.0,0.0,5919.0,5091.0,5691.0,6159.0,7047.0,7814.0,9340.0,11609.0,14248.0,23918.0,40.0,45.0,49.0,56.0,63.0,76.0,93.0,107.0,146.0,24.0,21.0,19.0,16.0,14.0,11.0,8.0,6.0,3.0,21955.0,24593.0,28007.0,31944.0,38171.0,47609.0,60422.0,86529.0,150549.0,70.0,62.0,54.0,47.0,39.0,31.0,24.0,16.0,8.0,807.0,844.0,875.0,919.0,967.0,1039.0,1140.0,1286.0,1396.0,131.0,147.0,165.0,193.0,225.0,282.0,377.0,529.0,810.0,51.0,45.0,40.0,34.0,29.0,23.0,17.0,12.0,6.0,23185.0,23901.0,24607.0,25250.0,25250.0,25895.0,26530.0,27800.0,27916.0,8.0,7.0,6.0,5.0,5.0,4.0,3.0,2.0,1.0,100.0,412.0,412.0,100.0,114.0,114.0,1.0,00:06:42:25
Sep 25 2023 - 02:30:00,Sep 25 2023 - 02:45:00,DL5037-PCU,50371,10.28.73.26,MNG-KNVVB01,0.56,0.29,536.0,3110.0,1206.0,50.39,24882.56,493.76,22.63,9649.99,426.42,0.0,0.0,110.0,0.0,0.0,426.0,75.54,23639.15,312.95,23.63,8153.46,345.1,6.88,1243.41,180.81,18.4,1496.53,81.32,12.0,5528.0,46721.0,0.0,56.0,35255.0,0.0,0.0,389.0,0.0,0.0,71.0,0.0,0.0,52.0,0.0,0.0,47.0,100.0,110.0,110.0,98.0,418.0,426.0,0.0,0.0,0.0,0.0,15.0,15.0,10.0,10.0,0.0,0.0,0.0,0.0,0.0,41212.0,0.0,0.0,0.0,0.0,0.0,28675.0,0.0,0.0,0.0,0.0,0.0,0.0,0.0,5509.0,0.0,0.0,0.0,0.0,0.0,6636.0,5091.0,5691.0,6159.0,7047.0,7814.0,9340.0,11609.0,14248.0,23918.0,40.0,45.0,49.0,56.0,63.0,76.0,93.0,107.0,146.0,24.0,21.0,19.0,16.0,14.0,11.0,8.0,6.0,3.0,21955.0,24593.0,28007.0,31944.0,38171.0,47609.0,60422.0,86529.0,150549.0,70.0,62.0,54.0,47.0,39.0,31.0,24.0,16.0,8.0,807.0,844.0,875.0,919.0,967.0,1039.0,1140.0,1286.0,1396.0,131.0,147.0,165.0,193.0,225.0,282.0,377.0,529.0,810.0,51.0,45.0,40.0,34.0,29.0,23.0,17.0,12.0,6.0,23185.0,23901.0,24607.0,25250.0,25250.0,25895.0,26530.0,27800.0,27916.0,8.0,7.0,6.0,5.0,5.0,4.0,3.0,2.0,1.0,100.0,426.0,426.0,100.0,108.0,108.0,5.0,00:06:57:26
Sep 25 2023 - 02:45:00,Sep 25 2023 - 03:00:00,DL5037-PCU,50371,10.28.73.26,MNG-KNVVB01,0.2,0.1,408.0,182.0,192.0,8.72,1454.51,166.78,13.77,1537.34,111.64,0.0,0.0,96.0,0.0,0.0,312.0,10.69,431.72,40.37,5.66,280.12,49.53,8.09,1022.79,126.41,20.24,1257.22,62.11,2.0,131.0,5274.0,0.0,0.0,6572.0,0.0,0.0,277.0,0.0,0.0,62.0,0.0,0.0,36.0,0.0,0.0,37.0,99.0,95.0,96.0,100.0,311.0,312.0,0.0,0.0,0.0,0.0,2.0,2.0,2.0,2.0,0.0,0.0,0.0,0.0,0.0,782.0,0.0,0.0,0.0,0.0,0.0,1018.0,0.0,0.0,0.0,0.0,0.0,0.0,0.0,4492.0,0.0,0.0,0.0,0.0,0.0,5554.0,7230.0,7905.0,8714.0,9739.0,11079.0,13484.0,16162.0,20407.0,28947.0,83.0,91.0,100.0,110.0,122.0,142.0,162.0,185.0,227.0,29.0,26.0,23.0,20.0,17.0,13.0,10.0,7.0,4.0,9123.0,10030.0,11176.0,12923.0,15070.0,18213.0,24183.0,34159.0,59103.0,66.0,59.0,52.0,44.0,37.0,30.0,22.0,15.0,8.0,826.0,860.0,893.0,938.0,984.0,1055.0,1155.0,1296.0,1417.0,178.0,201.0,225.0,264.0,308.0,386.0,518.0,728.0,1067.0,51.0,45.0,40.0,34.0,29.0,23.0,17.0,12.0,6.0,22592.0,24359.0,28920.0,29731.0,30448.0,32456.0,33979.0,38158.0,42842.0,13.0,12.0,10.0,9.0,8.0,6.0,5.0,3.0,2.0,100.0,312.0,312.0,100.0,96.0,96.0,0.0,00:07:12:26
Sep 25 2023 - 03:00:00,Sep 25 2023 - 03:15:00,DL5037-PCU,50371,10.28.73.26,MNG-KNVVB01,0.2,0.1,448.0,157.0,194.0,7.86,1253.66,159.56,13.04,1548.59,118.78,0.0,0.0,96.0,1.0,2.0,352.0,8.09,139.19,17.21,4.21,217.08,51.52,7.83,1114.48,142.35,19.8,1331.51,67.26,1.0,67.0,5153.0,0.0,0.0,6665.0,0.0,0.0,319.0,0.0,0.0,60.0,0.0,0.0,35.0,0.0,0.0,32.0,97.0,93.0,96.0,99.0,350.0,352.0,0.0,0.0,0.0,0.0,0.0,0.0,0.0,0.0,0.0,0.0,0.0,0.0,0.0,258.0,0.0,0.0,0.0,0.0,0.0,783.0,0.0,0.0,0.0,0.0,0.0,0.0,0.0,4895.0,0.0,0.0,0.0,0.0,0.0,5882.0,7230.0,7905.0,8714.0,9739.0,11079.0,13484.0,16162.0,20407.0,28947.0,83.0,91.0,100.0,110.0,122.0,142.0,162.0,185.0,227.0,29.0,26.0,23.0,20.0,17.0,13.0,10.0,7.0,4.0,9123.0,10030.0,11176.0,12923.0,15070.0,18213.0,24183.0,34159.0,59103.0,66.0,59.0,52.0,44.0,37.0,30.0,22.0,15.0,8.0,826.0,860.0,893.0,938.0,984.0,1055.0,1155.0,1296.0,1417.0,178.0,201.0,225.0,264.0,308.0,386.0,518.0,728.0,1067.0,51.0,45.0,40.0,34.0,29.0,23.0,17.0,12.0,6.0,22592.0,24359.0,28920.0,29731.0,30448.0,32456.0,33979.0,38158.0,42842.0,13.0,12.0,10.0,9.0,8.0,6.0,5.0,3.0,2.0,100.0,351.0,351.0,100.0,95.0,95.0,0.0,00:07:27:26
Sep 25 2023 - 03:15:00,Sep 25 2023 - 03:30:00,DL5037-PCU,50371,10.28.73.26,MNG-KNVVB01,0.22,0.09,491.0,100.0,163.0,4.43,803.54,181.25,12.56,1300.24,103.52,0.0,0.0,103.0,0.0,0.0,388.0,0.63,19.06,30.11,6.55,199.84,30.51,5.19,784.48,151.14,15.07,1100.4,73.01,2.0,82.0,3553.0,0.0,0.0,5618.0,0.0,0.0,360.0,0.0,0.0,74.0,0.0,0.0,30.0,0.0,0.0,29.0,100.0,103.0,103.0,99.0,383.0,388.0,0.0,0.0,0.0,0.0,0.0,0.0,0.0,0.0,0.0,0.0,0.0,0.0,0.0,51.0,0.0,0.0,0.0,0.0,0.0,714.0,0.0,0.0,0.0,0.0,0.0,0.0,0.0,3502.0,0.0,0.0,0.0,0.0,0.0,4904.0,7230.0,7905.0,8714.0,9739.0,11079.0,13484.0,16162.0,20407.0,28947.0,83.0,91.0,100.0,110.0,122.0,142.0,162.0,185.0,227.0,29.0,26.0,23.0,20.0,17.0,13.0,10.0,7.0,4.0,9123.0,10030.0,11176.0,12923.0,15070.0,18213.0,24183.0,34159.0,59103.0,66.0,59.0,52.0,44.0,37.0,30.0,22.0,15.0,8.0,826.0,860.0,893.0,938.0,984.0,1055.0,1155.0,1296.0,1417.0,178.0,201.0,225.0,264.0,308.0,386.0,518.0,728.0,1067.0,51.0,45.0,40.0,34.0,29.0,23.0,17.0,12.0,6.0,22592.0,24359.0,28920.0,29731.0,30448.0,32456.0,33979.0,38158.0,42842.0,13.0,12.0,10.0,9.0,8.0,6.0,5.0,3.0,2.0,100.0,389.0,389.0,100.0,104.0,104.0,0.0,00:07:42:26
Sep 25 2023 - 03:30:00,Sep 25 2023 - 03:45:00,DL5037-PCU,50371,10.28.73.26,MNG-KNVVB01,0.19,0.09,451.0,120.0,179.0,6.58,957.34,145.49,11.5,1430.46,124.44,1.0,1.0,86.0,1.0,2.0,365.0,1.7,18.28,10.78,4.14,193.66,46.78,6.97,939.05,134.71,15.93,1236.8,77.66,2.0,68.0,4197.0,0.0,0.0,6168.0,0.0,0.0,340.0,0.0,0.0,57.0,0.0,0.0,28.0,0.0,0.0,24.0,100.0,86.0,86.0,99.0,362.0,365.0,0.0,0.0,0.0,0.0,0.0,0.0,0.0,0.0,0.0,0.0,0.0,0.0,0.0,47.0,0.0,0.0,0.0,0.0,0.0,690.0,0.0,0.0,0.0,0.0,0.0,0.0,0.0,4150.0,0.0,0.0,0.0,0.0,0.0,5478.0,7230.0,7905.0,8714.0,9739.0,11079.0,13484.0,16162.0,20407.0,28947.0,83.0,91.0,100.0,110.0,122.0,142.0,162.0,185.0,227.0,29.0,26.0,23.0,20.0,17.0,13.0,10.0,7.0,4.0,9123.0,10030.0,11176.0,12923.0,15070.0,18213.0,24183.0,34159.0,59103.0,66.0,59.0,52.0,44.0,37.0,30.0,22.0,15.0,8.0,826.0,860.0,893.0,938.0,984.0,1055.0,1155.0,1296.0,1417.0,178.0,201.0,225.0,264.0,308.0,386.0,518.0,728.0,1067.0,51.0,45.0,40.0,34.0,29.0,23.0,17.0,12.0,6.0,22592.0,24359.0,28920.0,29731.0,30448.0,32456.0,33979.0,38158.0,42842.0,13.0,12.0,10.0,9.0,8.0,6.0,5.0,3.0,2.0,100.0,364.0,364.0,100.0,85.0,85.0,0.0,00:07:57:26
Sep 25 2023 - 03:45:00,Sep 25 2023 - 04:00:00,DL5037-PCU,50371,10.28.73.26,MNG-KNVVB01,0.2,0.1,478.0,114.0,160.0,6.46,909.75,140.93,8.91,1282.95,143.98,1.0,1.0,105.0,1.0,2.0,373.0,8.93,286.3,32.07,5.2,351.71,67.59,5.73,623.45,108.86,12.19,931.23,76.39,4.0,133.0,3309.0,0.0,0.0,5449.0,0.0,0.0,335.0,0.0,0.0,57.0,0.0,0.0,52.0,0.0,0.0,40.0,92.0,97.0,105.0,99.0,368.0,373.0,0.0,0.0,0.0,0.0,3.0,3.0,2.0,2.0,0.0,0.0,0.0,0.0,0.0,535.0,0.0,0.0,0.0,0.0,0.0,1282.0,0.0,0.0,0.0,0.0,0.0,0.0,0.0,2774.0,0.0,0.0,0.0,0.0,0.0,4167.0,3686.0,3686.0,3686.0,3686.0,3686.0,5342.0,5342.0,5342.0,5342.0,53.0,53.0,53.0,53.0,53.0,60.0,60.0,60.0,60.0,2.0,2.0,2.0,2.0,2.0,1.0,1.0,1.0,1.0,1561.0,1569.0,1576.0,1584.0,1589.0,1595.0,1601.0,1602.0,1604.0,42.0,37.0,33.0,28.0,24.0,19.0,14.0,10.0,5.0,916.0,953.0,994.0,1041.0,1089.0,1161.0,1268.0,1392.0,1400.0,177.0,199.0,227.0,265.0,307.0,381.0,504.0,725.0,882.0,53.0,47.0,41.0,35.0,30.0,24.0,18.0,12.0,6.0,22978.0,24045.0,24647.0,26156.0,26861.0,27639.0,29368.0,30514.0,31457.0,12.0,11.0,10.0,8.0,7.0,6.0,4.0,3.0,2.0,100.0,373.0,373.0,100.0,106.0,106.0,0.0,00:08:12:25
Sep 25 2023 - 04:00:00,Sep 25 2023 - 04:15:00,DL5037-PCU,50371,10.28.73.26,MNG-KNVVB01,0.2,0.09,446.0,130.0,181.0,6.82,1041.41,152.74,11.95,1446.01,120.96,1.0,1.0,101.0,0.0,1.0,345.0,3.45,73.65,21.32,4.51,216.8,48.02,7.36,967.77,131.42,16.85,1229.21,72.94,2.0,85.0,4414.0,0.0,0.0,6223.0,0.0,0.0,309.0,0.0,0.0,63.0,0.0,0.0,40.0,0.0,0.0,36.0,98.0,99.0,101.0,100.0,345.0,345.0,1.0,1.0,0.0,0.0,0.0,0.0,0.0,0.0,0.0,0.0,0.0,0.0,0.0,154.0,0.0,0.0,0.0,0.0,0.0,784.0,0.0,0.0,0.0,0.0,0.0,0.0,0.0,4260.0,0.0,0.0,0.0,0.0,0.0,5439.0,3686.0,3686.0,3686.0,3686.0,3686.0,5342.0,5342.0,5342.0,5342.0,53.0,53.0,53.0,53.0,53.0,60.0,60.0,60.0,60.0,2.0,2.0,2.0,2.0,2.0,1.0,1.0,1.0,1.0,1561.0,1569.0,1576.0,1584.0,1589.0,1595.0,1601.0,1602.0,1604.0,42.0,37.0,33.0,28.0,24.0,19.0,14.0,10.0,5.0,916.0,953.0,994.0,1041.0,1089.0,1161.0,1268.0,1392.0,1400.0,177.0,199.0,227.0,265.0,307.0,381.0,504.0,725.0,882.0,53.0,47.0,41.0,35.0,30.0,24.0,18.0,12.0,6.0,22978.0,24045.0,24647.0,26156.0,26861.0,27639.0,29368.0,30514.0,31457.0,12.0,11.0,10.0,8.0,7.0,6.0,4.0,3.0,2.0,100.0,345.0,345.0,100.0,102.0,102.0,0.0,00:08:27:25
Sep 25 2023 - 04:15:00,Sep 25 2023 - 04:30:00,DL5037-PCU,50371,10.28.73.26,MNG-KNVVB01,0.26,0.11,458.0,293.0,208.0,10.84,2341.42,215.91,11.28,1665.34,147.66,1.0,1.0,107.0,0.0,1.0,351.0,16.81,1379.2,82.04,5.88,469.09,79.72,7.19,962.22,133.87,17.61,1196.24,67.94,5.0,343.0,6672.0,0.0,0.0,6998.0,0.0,0.0,311.0,0.0,0.0,64.0,0.0,0.0,51.0,0.0,0.0,49.0,98.0,105.0,107.0,100.0,351.0,351.0,1.0,1.0,0.0,0.0,8.0,8.0,7.0,7.0,0.0,0.0,0.0,0.0,0.0,2430.0,0.0,0.0,0.0,0.0,0.0,1700.0,0.0,0.0,0.0,0.0,0.0,0.0,0.0,4242.0,0.0,0.0,0.0,0.0,0.0,5298.0,3686.0,3686.0,3686.0,3686.0,3686.0,5342.0,5342.0,5342.0,5342.0,53.0,53.0,53.0,53.0,53.0,60.0,60.0,60.0,60.0,2.0,2.0,2.0,2.0,2.0,1.0,1.0,1.0,1.0,1561.0,1569.0,1576.0,1584.0,1589.0,1595.0,1601.0,1602.0,1604.0,42.0,37.0,33.0,28.0,24.0,19.0,14.0,10.0,5.0,916.0,953.0,994.0,1041.0,1089.0,1161.0,1268.0,1392.0,1400.0,177.0,199.0,227.0,265.0,307.0,381.0,504.0,725.0,882.0,53.0,47.0,41.0,35.0,30.0,24.0,18.0,12.0,6.0,22978.0,24045.0,24647.0,26156.0,26861.0,27639.0,29368.0,30514.0,31457.0,12.0,11.0,10.0,8.0,7.0,6.0,4.0,3.0,2.0,100.0,353.0,353.0,100.0,106.0,106.0,0.0,00:08:42:25
Sep 25 2023 - 04:30:00,Sep 25 2023 - 04:45:00,DL5037-PCU,50371,10.28.73.26,MNG-KNVVB01,0.24,0.12,407.0,528.0,258.0,19.5,4227.88,216.76,15.51,2064.41,133.14,0.0,0.0,77.0,1.0,2.0,330.0,38.83,3080.23,79.32,10.14,689.98,68.03,8.35,1147.65,137.44,21.11,1374.44,65.11,9.0,899.0,10404.0,0.0,3.0,8573.0,0.0,0.0,297.0,0.0,0.0,51.0,0.0,0.0,35.0,0.0,0.0,38.0,100.0,78.0,77.0,99.0,328.0,330.0,1.0,1.0,0.0,0.0,7.0,7.0,6.0,6.0,0.0,0.0,0.0,0.0,0.0,5370.0,0.0,0.0,0.0,0.0,0.0,2516.0,0.0,0.0,0.0,0.0,0.0,0.0,0.0,5034.0,0.0,0.0,0.0,0.0,0.0,6060.0,3686.0,3686.0,3686.0,3686.0,3686.0,5342.0,5342.0,5342.0,5342.0,53.0,53.0,53.0,53.0,53.0,60.0,60.0,60.0,60.0,2.0,2.0,2.0,2.0,2.0,1.0,1.0,1.0,1.0,1561.0,1569.0,1576.0,1584.0,1589.0,1595.0,1601.0,1602.0,1604.0,42.0,37.0,33.0,28.0,24.0,19.0,14.0,10.0,5.0,916.0,953.0,994.0,1041.0,1089.0,1161.0,1268.0,1392.0,1400.0,177.0,199.0,227.0,265.0,307.0,381.0,504.0,725.0,882.0,53.0,47.0,41.0,35.0,30.0,24.0,18.0,12.0,6.0,22978.0,24045.0,24647.0,26156.0,26861.0,27639.0,29368.0,30514.0,31457.0,12.0,11.0,10.0,8.0,7.0,6.0,4.0,3.0,2.0,100.0,329.0,329.0,100.0,78.0,78.0,0.0,00:08:57:25
Sep 25 2023 - 04:45:00,Sep 25 2023 - 05:00:00,DL5037-PCU,50371,10.28.73.26,MNG-KNVVB01,0.26,0.11,547.0,257.0,196.0,11.43,2058.22,180.02,11.03,1569.93,142.39,0.0,0.0,111.0,0.0,2.0,436.0,15.92,1047.35,65.79,4.78,374.2,78.22,8.85,1010.87,114.23,18.63,1195.73,64.17,2.0,101.0,6333.0,1.0,45.0,6623.0,0.0,0.0,292.0,0.0,0.0,60.0,0.0,0.0,58.0,0.0,0.0,149.0,97.0,108.0,111.0,100.0,434.0,436.0,1.0,1.0,1.0,1.0,7.0,7.0,4.0,4.0,0.0,0.0,0.0,0.0,0.0,1880.0,0.0,0.0,0.0,0.0,0.0,1377.0,0.0,0.0,0.0,0.0,0.0,0.0,0.0,4453.0,0.0,0.0,0.0,0.0,0.0,5291.0,4816.0,5131.0,5477.0,6338.0,6934.0,7717.0,9906.0,11912.0,14209.0,80.0,87.0,93.0,111.0,119.0,129.0,151.0,173.0,195.0,12.0,11.0,10.0,8.0,7.0,6.0,4.0,3.0,2.0,1714.0,1770.0,1813.0,1852.0,1919.0,1994.0,2143.0,2363.0,3024.0,41.0,37.0,32.0,28.0,23.0,19.0,14.0,10.0,5.0,903.0,938.0,984.0,1027.0,1076.0,1155.0,1256.0,1399.0,1404.0,205.0,228.0,263.0,301.0,353.0,447.0,575.0,828.0,1000.0,49.0,44.0,38.0,33.0,28.0,22.0,17.0,11.0,6.0,24330.0,25141.0,25843.0,26384.0,27071.0,29164.0,30407.0,32352.0,35927.0,11.0,10.0,9.0,8.0,7.0,5.0,4.0,3.0,2.0,100.0,436.0,436.0,100.0,110.0,110.0,1.0,00:09:12:25
Sep 25 2023 - 05:00:00,Sep 25 2023 - 05:15:00,DL5037-PCU,50371,10.28.73.26,MNG-KNVVB01,0.21,0.09,461.0,119.0,176.0,6.11,949.19,155.31,11.19,1409.7,125.93,1.0,1.0,99.0,0.0,1.0,362.0,2.59,88.15,33.98,4.43,257.98,58.25,7.1,861.04,121.33,17.02,1151.72,67.68,1.0,58.0,3988.0,0.0,0.0,6040.0,0.0,0.0,314.0,0.0,0.0,54.0,0.0,0.0,46.0,0.0,0.0,47.0,98.0,97.0,99.0,99.0,360.0,362.0,1.0,1.0,0.0,0.0,0.0,0.0,0.0,0.0,0.0,0.0,0.0,0.0,0.0,193.0,0.0,0.0,0.0,0.0,0.0,933.0,0.0,0.0,0.0,0.0,0.0,0.0,0.0,3795.0,0.0,0.0,0.0,0.0,0.0,5107.0,4816.0,5131.0,5477.0,6338.0,6934.0,7717.0,9906.0,11912.0,14209.0,80.0,87.0,93.0,111.0,119.0,129.0,151.0,173.0,195.0,12.0,11.0,10.0,8.0,7.0,6.0,4.0,3.0,2.0,1714.0,1770.0,1813.0,1852.0,1919.0,1994.0,2143.0,2363.0,3024.0,41.0,37.0,32.0,28.0,23.0,19.0,14.0,10.0,5.0,903.0,938.0,984.0,1027.0,1076.0,1155.0,1256.0,1399.0,1404.0,205.0,228.0,263.0,301.0,353.0,447.0,575.0,828.0,1000.0,49.0,44.0,38.0,33.0,28.0,22.0,17.0,11.0,6.0,24330.0,25141.0,25843.0,26384.0,27071.0,29164.0,30407.0,32352.0,35927.0,11.0,10.0,9.0,8.0,7.0,5.0,4.0,3.0,2.0,100.0,361.0,361.0,100.0,99.0,99.0,0.0,00:09:27:26
Sep 25 2023 - 05:15:00,Sep 25 2023 - 05:30:00,DL5037-PCU,50371,10.28.73.26,MNG-KNVVB01,0.5,0.34,513.0,1141.0,960.0,24.14,9131.1,378.21,25.69,7678.77,298.94,0.0,0.0,132.0,1.0,4.0,381.0,34.34,8127.7,236.7,29.74,6427.88,216.15,7.09,1003.4,141.51,15.11,1250.9,82.79,37.0,6912.0,18820.0,0.0,94.0,27938.0,0.0,0.0,332.0,0.0,0.0,78.0,0.0,0.0,102.0,0.0,0.0,95.0,97.0,128.0,132.0,100.0,381.0,381.0,0.0,0.0,2.0,2.0,47.0,47.0,44.0,44.0,0.0,0.0,0.0,0.0,0.0,14394.0,0.0,0.0,0.0,0.0,0.0,22504.0,0.0,0.0,0.0,0.0,0.0,0.0,0.0,4426.0,0.0,0.0,0.0,0.0,0.0,5528.0,4816.0,5131.0,5477.0,6338.0,6934.0,7717.0,9906.0,11912.0,14209.0,80.0,87.0,93.0,111.0,119.0,129.0,151.0,173.0,195.0,12.0,11.0,10.0,8.0,7.0,6.0,4.0,3.0,2.0,1714.0,1770.0,1813.0,1852.0,1919.0,1994.0,2143.0,2363.0,3024.0,41.0,37.0,32.0,28.0,23.0,19.0,14.0,10.0,5.0,903.0,938.0,984.0,1027.0,1076.0,1155.0,1256.0,1399.0,1404.0,205.0,228.0,263.0,301.0,353.0,447.0,575.0,828.0,1000.0,49.0,44.0,38.0,33.0,28.0,22.0,17.0,11.0,6.0,24330.0,25141.0,25843.0,26384.0,27071.0,29164.0,30407.0,32352.0,35927.0,11.0,10.0,9.0,8.0,7.0,5.0,4.0,3.0,2.0,100.0,381.0,381.0,100.0,133.0,133.0,3.0,00:09:42:26
Sep 25 2023 - 05:30:00,Sep 25 2023 - 05:45:00,DL5037-PCU,50371,10.28.73.26,MNG-KNVVB01,0.98,0.67,520.0,5331.0,2696.0,32.48,42648.98,1313.09,22.21,21571.19,971.07,1.0,1.0,126.0,1.0,4.0,394.0,35.95,41400.03,1151.74,23.8,20238.91,850.47,7.74,1248.95,161.35,11.05,1332.27,120.6,39.0,30321.0,78039.0,1.0,745.0,76314.0,0.0,0.0,304.0,0.0,0.0,53.0,0.0,0.0,166.0,0.0,0.0,181.0,95.0,120.0,126.0,100.0,393.0,394.0,0.0,0.0,1.0,1.0,91.0,91.0,88.0,88.0,0.0,0.0,0.0,0.0,0.0,72562.0,0.0,0.0,0.0,0.0,0.0,71174.0,0.0,0.0,0.0,0.0,0.0,0.0,0.0,5477.0,0.0,0.0,0.0,0.0,0.0,5885.0,4816.0,5131.0,5477.0,6338.0,6934.0,7717.0,9906.0,11912.0,14209.0,80.0,87.0,93.0,111.0,119.0,129.0,151.0,173.0,195.0,12.0,11.0,10.0,8.0,7.0,6.0,4.0,3.0,2.0,1714.0,1770.0,1813.0,1852.0,1919.0,1994.0,2143.0,2363.0,3024.0,41.0,37.0,32.0,28.0,23.0,19.0,14.0,10.0,5.0,903.0,938.0,984.0,1027.0,1076.0,1155.0,1256.0,1399.0,1404.0,205.0,228.0,263.0,301.0,353.0,447.0,575.0,828.0,1000.0,49.0,44.0,38.0,33.0,28.0,22.0,17.0,11.0,6.0,24330.0,25141.0,25843.0,26384.0,27071.0,29164.0,30407.0,32352.0,35927.0,11.0,10.0,9.0,8.0,7.0,5.0,4.0,3.0,2.0,100.0,396.0,396.0,100.0,128.0,128.0,0.0,00:09:57:26
Sep 25 2023 - 05:45:00,Sep 25 2023 - 06:00:00,DL5037-PCU,50371,10.28.73.26,MNG-KNVVB01,0.8,0.44,654.0,2709.0,1613.0,21.26,21671.66,1019.13,16.02,12902.62,805.33,1.0,1.0,191.0,3.0,12.0,463.0,23.23,20764.88,893.96,17.37,11771.93,677.64,7.24,906.77,125.17,8.86,1130.7,127.69,16.0,6690.0,40826.0,1.0,328.0,46214.0,0.0,0.0,349.0,0.0,0.0,70.0,0.0,0.0,200.0,0.0,0.0,182.0,95.0,182.0,191.0,99.0,460.0,463.0,1.0,1.0,2.0,2.0,80.0,80.0,68.0,68.0,0.0,0.0,0.0,0.0,0.0,36823.0,0.0,0.0,0.0,0.0,0.0,41508.0,0.0,0.0,0.0,0.0,0.0,0.0,0.0,4003.0,0.0,0.0,0.0,0.0,0.0,5034.0,4191.0,4580.0,5017.0,5508.0,6088.0,6839.0,7774.0,9102.0,11697.0,97.0,108.0,122.0,138.0,158.0,185.0,226.0,295.0,411.0,37.0,33.0,29.0,25.0,21.0,17.0,13.0,9.0,5.0,5427.0,5941.0,6558.0,7361.0,8464.0,10339.0,13128.0,18205.0,31309.0,74.0,66.0,58.0,50.0,42.0,33.0,25.0,17.0,9.0,854.0,887.0,933.0,977.0,1040.0,1103.0,1205.0,1336.0,1394.0,228.0,253.0,291.0,333.0,403.0,489.0,656.0,917.0,1193.0,50.0,45.0,39.0,34.0,28.0,23.0,17.0,12.0,6.0,19223.0,20909.0,22907.0,25628.0,27002.0,27696.0,29659.0,31239.0,33159.0,12.0,11.0,10.0,8.0,7.0,6.0,4.0,3.0,2.0,100.0,461.0,461.0,100.0,189.0,189.0,1.0,00:10:12:25
Sep 25 2023 - 06:00:00,Sep 25 2023 - 06:15:00,DL5037-PCU,50371,10.28.73.26,MNG-KNVVB01,0.8,0.48,761.0,2321.0,1574.0,23.91,18565.05,776.57,19.25,12592.2,654.01,1.0,1.0,175.0,1.0,7.0,586.0,29.27,17347.45,592.6,21.5,11089.35,515.82,6.62,1217.6,183.97,10.88,1502.85,138.19,13.0,4705.0,35989.0,1.0,258.0,45249.0,0.0,0.0,518.0,0.0,0.0,97.0,0.0,0.0,144.0,0.0,0.0,134.0,95.0,167.0,175.0,100.0,584.0,586.0,4.0,4.0,2.0,2.0,61.0,61.0,61.0,61.0,0.0,0.0,0.0,0.0,0.0,30582.0,0.0,0.0,0.0,0.0,0.0,38837.0,0.0,0.0,0.0,0.0,0.0,0.0,0.0,5407.0,0.0,0.0,0.0,0.0,0.0,6670.0,4191.0,4580.0,5017.0,5508.0,6088.0,6839.0,7774.0,9102.0,11697.0,97.0,108.0,122.0,138.0,158.0,185.0,226.0,295.0,411.0,37.0,33.0,29.0,25.0,21.0,17.0,13.0,9.0,5.0,5427.0,5941.0,6558.0,7361.0,8464.0,10339.0,13128.0,18205.0,31309.0,74.0,66.0,58.0,50.0,42.0,33.0,25.0,17.0,9.0,854.0,887.0,933.0,977.0,1040.0,1103.0,1205.0,1336.0,1394.0,228.0,253.0,291.0,333.0,403.0,489.0,656.0,917.0,1193.0,50.0,45.0,39.0,34.0,28.0,23.0,17.0,12.0,6.0,19223.0,20909.0,22907.0,25628.0,27002.0,27696.0,29659.0,31239.0,33159.0,12.0,11.0,10.0,8.0,7.0,6.0,4.0,3.0,2.0,100.0,589.0,589.0,100.0,176.0,176.0,0.0,00:10:27:25
Sep 25 2023 - 06:15:00,Sep 25 2023 - 06:30:00,DL5037-PCU,50371,10.28.73.26,MNG-KNVVB01,1.16,0.66,762.0,5613.0,3067.0,28.65,44904.99,1567.47,17.3,24537.26,1418.47,1.0,3.0,209.0,4.0,20.0,553.0,31.57,43664.3,1383.21,18.83,23277.33,1236.45,6.73,1240.69,184.26,6.92,1259.93,182.02,14.0,11721.0,82343.0,1.0,562.0,86830.0,0.0,0.0,441.0,0.0,0.0,110.0,0.0,0.0,185.0,0.0,0.0,192.0,94.0,197.0,209.0,98.0,542.0,553.0,4.0,4.0,0.0,0.0,79.0,79.0,77.0,77.0,0.0,0.0,0.0,0.0,0.0,76861.0,0.0,0.0,0.0,0.0,0.0,81785.0,0.0,0.0,0.0,0.0,0.0,0.0,0.0,5482.0,0.0,0.0,0.0,0.0,0.0,5612.0,4191.0,4580.0,5017.0,5508.0,6088.0,6839.0,7774.0,9102.0,11697.0,97.0,108.0,122.0,138.0,158.0,185.0,226.0,295.0,411.0,37.0,33.0,29.0,25.0,21.0,17.0,13.0,9.0,5.0,5427.0,5941.0,6558.0,7361.0,8464.0,10339.0,13128.0,18205.0,31309.0,74.0,66.0,58.0,50.0,42.0,33.0,25.0,17.0,9.0,854.0,887.0,933.0,977.0,1040.0,1103.0,1205.0,1336.0,1394.0,228.0,253.0,291.0,333.0,403.0,489.0,656.0,917.0,1193.0,50.0,45.0,39.0,34.0,28.0,23.0,17.0,12.0,6.0,19223.0,20909.0,22907.0,25628.0,27002.0,27696.0,29659.0,31239.0,33159.0,12.0,11.0,10.0,8.0,7.0,6.0,4.0,3.0,2.0,100.0,556.0,556.0,100.0,212.0,212.0,1.0,00:10:42:26
Sep 25 2023 - 06:30:00,Sep 25 2023 - 06:45:00,DL5037-PCU,50371,10.28.73.26,MNG-KNVVB01,-,-,-,-,-,-,0.0,0.0,-,0.0,0.0,-,0.0,0.0,-,0.0,0.0,-,0.0,0.0,-,0.0,0.0,-,0.0,0.0,-,0.0,0.0,-,0.0,0.0,-,0.0,0.0,-,0.0,0.0,-,0.0,0.0,-,0.0,0.0,-,0.0,0.0,-,0.0,0.0,-,0.0,0.0,-,-,-,-,-,-,-,-,-,-,-,-,-,-,-,-,-,-,-,-,-,-,-,-,-,-,-,-,-,-,-,-,-,-,0.0,0.0,0.0,0.0,0.0,0.0,0.0,0.0,0.0,0.0,0.0,0.0,0.0,0.0,0.0,0.0,0.0,0.0,1.0,1.0,1.0,1.0,1.0,1.0,1.0,1.0,1.0,0.0,0.0,0.0,0.0,0.0,0.0,0.0,0.0,0.0,1.0,1.0,1.0,1.0,1.0,1.0,1.0,1.0,1.0,0.0,0.0,0.0,0.0,0.0,0.0,0.0,0.0,0.0,0.0,0.0,0.0,0.0,0.0,0.0,0.0,0.0,0.0,1.0,1.0,1.0,1.0,1.0,1.0,1.0,1.0,1.0,0.0,0.0,0.0,0.0,0.0,0.0,0.0,0.0,0.0,1.0,1.0,1.0,1.0,1.0,1.0,1.0,1.0,1.0,-,0.0,0.0,-,0.0,0.0,-,00:00:12:58
Sep 25 2023 - 06:45:00,Sep 25 2023 - 07:00:00,DL5037-PCU,50371,10.28.73.26,MNG-KNVVB01,1.43,0.8,1044.0,7902.0,2880.0,34.22,63218.95,1847.56,18.64,23042.36,1236.46,3.0,5.0,194.0,1.0,11.0,850.0,35.83,62647.66,1748.36,19.53,22119.27,1132.71,5.76,571.28,99.2,8.9,923.09,103.75,13.0,14059.0,111265.0,0.0,331.0,81158.0,0.0,0.0,387.0,0.0,0.0,66.0,0.0,0.0,243.0,0.0,0.0,556.0,90.0,175.0,194.0,100.0,846.0,850.0,2.0,2.0,1.0,1.0,109.0,109.0,91.0,91.0,0.0,0.0,0.0,0.0,0.0,108732.0,0.0,0.0,0.0,0.0,0.0,77325.0,0.0,0.0,0.0,0.0,0.0,0.0,0.0,2533.0,0.0,0.0,0.0,0.0,0.0,4164.0,0.0,0.0,0.0,0.0,0.0,0.0,0.0,0.0,0.0,0.0,0.0,0.0,0.0,0.0,0.0,0.0,0.0,0.0,1.0,1.0,1.0,1.0,1.0,1.0,1.0,1.0,1.0,0.0,0.0,0.0,0.0,0.0,0.0,0.0,0.0,0.0,1.0,1.0,1.0,1.0,1.0,1.0,1.0,1.0,1.0,0.0,0.0,0.0,0.0,0.0,0.0,0.0,0.0,0.0,0.0,0.0,0.0,0.0,0.0,0.0,0.0,0.0,0.0,1.0,1.0,1.0,1.0,1.0,1.0,1.0,1.0,1.0,0.0,0.0,0.0,0.0,0.0,0.0,0.0,0.0,0.0,1.0,1.0,1.0,1.0,1.0,1.0,1.0,1.0,1.0,100.0,851.0,851.0,100.0,198.0,198.0,1.0,00:00:27:58
Sep 25 2023 - 07:00:00,Sep 25 2023 - 07:15:00,DL5037-PCU,50371,10.28.73.26,MNG-KNVVB01,1.81,0.88,1292.0,9063.0,2048.0,29.21,72504.74,2482.38,13.69,16382.58,1196.61,2.0,4.0,245.0,1.0,13.0,1047.0,31.76,70857.16,2231.07,14.34,15228.64,1062.29,6.56,1647.59,251.31,8.59,1153.94,134.32,23.0,30789.0,131464.0,1.0,336.0,59671.0,0.0,0.0,377.0,0.0,0.0,65.0,0.0,0.0,319.0,0.0,0.0,790.0,90.0,220.0,245.0,99.0,1039.0,1047.0,3.0,3.0,1.0,1.0,138.0,138.0,123.0,123.0,0.0,0.0,0.0,0.0,0.0,124234.0,0.0,0.0,0.0,0.0,0.0,54846.0,0.0,0.0,0.0,0.0,0.0,0.0,0.0,7230.0,0.0,0.0,0.0,0.0,0.0,5161.0,0.0,0.0,0.0,0.0,0.0,0.0,0.0,0.0,0.0,0.0,0.0,0.0,0.0,0.0,0.0,0.0,0.0,0.0,1.0,1.0,1.0,1.0,1.0,1.0,1.0,1.0,1.0,0.0,0.0,0.0,0.0,0.0,0.0,0.0,0.0,0.0,1.0,1.0,1.0,1.0,1.0,1.0,1.0,1.0,1.0,0.0,0.0,0.0,0.0,0.0,0.0,0.0,0.0,0.0,0.0,0.0,0.0,0.0,0.0,0.0,0.0,0.0,0.0,1.0,1.0,1.0,1.0,1.0,1.0,1.0,1.0,1.0,0.0,0.0,0.0,0.0,0.0,0.0,0.0,0.0,0.0,1.0,1.0,1.0,1.0,1.0,1.0,1.0,1.0,1.0,100.0,1043.0,1043.0,100.0,243.0,243.0,9.0,00:00:42:58
