Start Time,End Time,BSC Name,BSC IP Address,DL PS Erlangs,UL PS Erlangs,Total Data Calls,Total Downlink Data In KByte,Total Uplink Data In KByte,Downlink Data Throughput In Kbps,Downlink Data Throughput In Kbps - NR,Downlink Data Throughput In Kbps - DR,Uplink Data Throughput In Kbps,Uplink Data Throughput In Kbps - NR,Uplink Data Throughput In Kbps - DR,DL Tbf Drop Rate,DL Tbf Drop Rate - NR,DL Tbf Drop Rate - DR,UL Tbf Drop Rate,UL Tbf Drop Rate - NR,UL Tbf Drop Rate - DR,Egprs Downlink Data Throughput In Kbps,Egprs Downlink Data Throughput In Kbps - NR,Egprs Downlink Data Throughput In Kbps - DR,Egprs Uplink Data Throughput In Kbps,Egprs Uplink Data Throughput In Kbps - NR,Egprs Uplink Data Throughput In Kbps - DR,Gprs Downlink Data Throughput In Kbps,Gprs Downlink Data Throughput In Kbps - NR,Gprs Downlink Data Throughput In Kbps - DR,Gprs Uplink Data Throughput In Kbps,Gprs Uplink Data Throughput In Kbps - NR,Gprs Uplink Data Throughput In Kbps - DR,Downlink Data Retransmission Rate,Downlink Data Retransmission Rate - NR,Downlink Data Retransmission Rate - DR,Uplink Data Retransmission Rate,Uplink Data Retransmission Rate - NR,Uplink Data Retransmission Rate - DR,Gprs Uplink Tbf Blocking Rate,Gprs Uplink Tbf Blocking Rate - NR,Gprs Uplink Tbf Blocking Rate - DR,Gprs Downlink Tbf Blocking Rate,Gprs Downlink Tbf Blocking Rate - NR,Gprs Downlink Tbf Blocking Rate - DR,Egprs Downlink Tbf Blocking Rate,Egprs Downlink Tbf Blocking Rate - NR,Egprs Downlink Tbf Blocking Rate - DR,Egprs Uplink Tbf Blocking Rate,Egprs Uplink Tbf Blocking Rate - NR,Egprs Uplink Tbf Blocking Rate - DR,DL Tbf Establishment Success Rate,DL Tbf Establishment Success Rate - NR,DL Tbf Establishment Success Rate - DR,UL Tbf Establishment Success Rate,UL Tbf Establishment Success Rate - NR,UL Tbf Establishment Success Rate - DR,GprsDownlinkTbfReallocationAttempts,GprsDownlinkTbfReallocationSuccess,GprsUplinkTbfReallocationAttempts,GprsUplinkTbfReallocationSuccess,EgprsDownlinkTbfReallocationAttempts,EgprsDownlinkTbfReallocationSuccess,EgprsUplinkTbfReallocationAttempts,EgprsUplinkTbfReallocationSuccess,DlMcs1Count,DlMcs2Count,DlMcs3Count,DlMcs4Count,DlMcs5Count,DlMcs6Count,DlMcs7Count,DlMcs8Count,DlMcs9Count,UlMcs1Count,UlMcs2Count,UlMcs3Count,UlMcs4Count,UlMcs5Count,UlMcs6Count,UlMcs7Count,UlMcs8Count,UlMcs9Count,DlCs1Count,DlCs2Count,DlCs3Count,DlCs4Count,UlCs1Count,UlCs2Count,UlCs3Count,UlCs4Count,EgprsDl10PercentileMeanThroughput,EgprsDl20PercentileMeanThroughput,EgprsDl30PercentileMeanThroughput,EgprsDl40PercentileMeanThroughput,EgprsDl50PercentileMeanThroughput,EgprsDl60PercentileMeanThroughput,EgprsDl70PercentileMeanThroughput,EgprsDl80PercentileMeanThroughput,EgprsDl90PercentileMeanThroughput,EgprsDl10PercentileMeanLlcFrameDelay,EgprsDl20PercentileMeanLlcFrameDelay,EgprsDl30PercentileMeanLlcFrameDelay,EgprsDl40PercentileMeanLlcFrameDelay,EgprsDl50PercentileMeanLlcFrameDelay,EgprsDl60PercentileMeanLlcFrameDelay,EgprsDl70PercentileMeanLlcFrameDelay,EgprsDl80PercentileMeanLlcFrameDelay,EgprsDl90PercentileMeanLlcFrameDelay,EgprsDl10PercentileSampleSize,EgprsDl20PercentileSampleSize,EgprsDl30PercentileSampleSize,EgprsDl40PercentileSampleSize,EgprsDl50PercentileSampleSize,EgprsDl60PercentileSampleSize,EgprsDl70PercentileSampleSize,EgprsDl80PercentileSampleSize,EgprsDl90PercentileSampleSize,EgprsUl10PercentileMeanThroughput,EgprsUl20PercentileMeanThroughput,EgprsUl30PercentileMeanThroughput,EgprsUl40PercentileMeanThroughput,EgprsUl50PercentileMeanThroughput,EgprsUl60PercentileMeanThroughput,EgprsUl70PercentileMeanThroughput,EgprsUl80PercentileMeanThroughput,EgprsUl90PercentileMeanThroughput,EgprsUl10PercentileSampleSize,EgprsUl20PercentileSampleSize,EgprsUl30PercentileSampleSize,EgprsUl40PercentileSampleSize,EgprsUl50PercentileSampleSize,EgprsUl60PercentileSampleSize,EgprsUl70PercentileSampleSize,EgprsUl80PercentileSampleSize,EgprsUl90PercentileSampleSize,GprsDl10PercentileMeanThroughput,GprsDl20PercentileMeanThroughput,GprsDl30PercentileMeanThroughput,GprsDl40PercentileMeanThroughput,GprsDl50PercentileMeanThroughput,GprsDl60PercentileMeanThroughput,GprsDl70PercentileMeanThroughput,GprsDl80PercentileMeanThroughput,GprsDl90PercentileMeanThroughput,GprsDl10PercentileMeanLlcFrameDelay,GprsDl20PercentileMeanLlcFrameDelay,GprsDl30PercentileMeanLlcFrameDelay,GprsDl40PercentileMeanLlcFrameDelay,GprsDl50PercentileMeanLlcFrameDelay,GprsDl60PercentileMeanLlcFrameDelay,GprsDl70PercentileMeanLlcFrameDelay,GprsDl80PercentileMeanLlcFrameDelay,GprsDl90PercentileMeanLlcFrameDelay,GprsDl10PercentileSampleSize,GprsDl20PercentileSampleSize,GprsDl30PercentileSampleSize,GprsDl40PercentileSampleSize,GprsDl50PercentileSampleSize,GprsDl60PercentileSampleSize,GprsDl70PercentileSampleSize,GprsDl80PercentileSampleSize,GprsDl90PercentileSampleSize,GprsUl10PercentileMeanThroughput,GprsUl20PercentileMeanThroughput,GprsUl30PercentileMeanThroughput,GprsUl40PercentileMeanThroughput,GprsUl50PercentileMeanThroughput,GprsUl60PercentileMeanThroughput,GprsUl70PercentileMeanThroughput,GprsUl80PercentileMeanThroughput,GprsUl90PercentileMeanThroughput,GprsUl10PercentileSampleSize,GprsUl20PercentileSampleSize,GprsUl30PercentileSampleSize,GprsUl40PercentileSampleSize,GprsUl50PercentileSampleSize,GprsUl60PercentileSampleSize,GprsUl70PercentileSampleSize,GprsUl80PercentileSampleSize,GprsUl90PercentileSampleSize,Uplink Tbf Assignment Success Rate,Uplink Tbf Assignment Success Rate - NR,Uplink Tbf Assignment Success Rate - DR,Downlink Tbf Assignment Success Rate,Downlink Tbf Assignment Success Rate - NR,Downlink Tbf Assignment Success Rate - DR
Sep 25 2023 - 00:00:00,Sep 25 2023 - 00:15:00,MNG-KNVVB01,10.201.165.1,1.18,0.37000000000000005,2152.0,1466.0,581.0,7.53,11724.06,1556.18,5.08,4648.04,914.1599999999999,0.39,2.0,507.0,0.73,12.0,1645.0,7.65,9812.5,1283.03,4.02,2912.2200000000003,723.8599999999999,7.0,1911.56,273.15,9.12,1735.83,190.3,8.53,2205.0,25842.0,0.05,9.0,18488.0,0.0,0.0,819.0,0.0,0.0,126.0,0.0,0.0,429.0,0.0,0.0,856.0,91.32,463.0,507.0,99.45,1636.0,1645.0,0.0,0.0,0.0,0.0,42.0,42.0,23.0,23.0,0.0,0.0,0.0,0.0,0.0,17414.0,0.0,0.0,0.0,0.0,0.0,10669.0,0.0,0.0,0.0,0.0,0.0,0.0,0.0,8428.0,0.0,0.0,0.0,0.0,0.0,7828.0,8739.0,9454.0,10304.0,11103.0,12028.0,13598.0,15594.0,19684.0,29334.0,264.0,292.0,327.0,366.0,412.0,483.0,552.0,616.0,668.0,203.0,181.0,158.0,136.0,115.0,91.0,69.0,46.0,24.0,37322.0,41746.0,47375.0,53668.0,63741.0,78947.0,99942.0,145745.0,261285.0,166.0,147.0,128.0,111.0,93.0,74.0,57.0,38.0,19.0,2595.0,2697.0,2783.0,2846.0,2924.0,2998.0,3086.0,3227.0,3513.0,231.0,257.0,290.0,316.0,347.0,391.0,456.0,575.0,740.0,76.0,67.0,59.0,51.0,43.0,34.0,26.0,18.0,9.0,4303.0,4303.0,4682.0,4682.0,5299.0,5299.0,6427.0,6427.0,9290.0,7.0,7.0,6.0,6.0,5.0,5.0,4.0,4.0,3.0,100.0,1652.0,1652.0,100.0,513.0,513.0
Sep 25 2023 - 00:15:00,Sep 25 2023 - 00:30:00,MNG-KNVVB01,10.201.165.1,1.46,0.5,2189.0,2083.0,1148.0,6.66,16657.239999999998,2501.76,5.62,9172.94,1631.58,0.31,2.0,644.0,1.04,16.0,1545.0,6.59,14703.61,2229.7599999999998,5.18,7515.92,1451.18,7.18,1953.64,272.0,9.19,1657.02,180.4,12.63,4409.0,34905.0,0.44,149.0,34082.0,0.0,0.0,667.0,0.0,0.0,109.0,0.0,0.0,595.0,0.0,0.0,926.0,93.32,601.0,644.0,99.09,1531.0,1545.0,0.0,0.0,1.0,1.0,62.0,62.0,48.0,48.0,0.0,0.0,0.0,0.0,0.0,26353.0,0.0,0.0,0.0,0.0,0.0,26803.0,0.0,0.0,0.0,0.0,0.0,0.0,0.0,8552.0,0.0,0.0,0.0,0.0,0.0,7428.0,6058.0,6512.0,6985.0,7405.0,7846.0,8513.0,9205.0,10277.0,12392.0,154.0,170.0,186.0,206.0,229.0,262.0,297.0,352.0,451.0,200.0,178.0,156.0,134.0,113.0,90.0,68.0,46.0,24.0,25292.0,28107.0,31692.0,35702.0,42084.0,51705.0,64998.0,93356.0,162264.0,151.0,134.0,117.0,101.0,85.0,68.0,52.0,35.0,18.0,2669.0,2790.0,2884.0,2984.0,3072.0,3160.0,3258.0,3415.0,3759.0,429.0,479.0,544.0,628.0,710.0,832.0,852.0,882.0,967.0,76.0,67.0,59.0,51.0,43.0,34.0,26.0,18.0,9.0,3208.0,3208.0,3261.0,3261.0,3261.0,3342.0,3342.0,3484.0,3484.0,6.0,6.0,5.0,5.0,5.0,4.0,4.0,3.0,3.0,100.0,1544.0,1544.0,100.0,642.0,642.0
Sep 25 2023 - 00:30:00,Sep 25 2023 - 00:45:00,MNG-KNVVB01,10.201.165.1,1.08,0.28,2019.0,1357.0,627.0,5.1,10854.78,2128.13,3.52,5020.01,1427.28,0.52,3.0,574.0,0.9,13.0,1445.0,5.14,10125.4,1970.12,2.85,3644.39,1278.03,4.62,729.38,158.01,9.22,1375.62,149.25,13.76,2950.0,21445.0,0.12,24.0,19410.0,0.0,0.0,635.0,0.0,0.0,108.0,0.0,0.0,504.0,0.0,0.0,834.0,93.38,536.0,574.0,99.72,1441.0,1445.0,0.0,0.0,1.0,1.0,40.0,40.0,28.0,28.0,0.0,0.0,0.0,0.0,0.0,18118.0,0.0,0.0,0.0,0.0,0.0,13269.0,0.0,0.0,0.0,0.0,0.0,0.0,0.0,3327.0,0.0,0.0,0.0,0.0,0.0,6165.0,6058.0,6512.0,6985.0,7405.0,7846.0,8513.0,9205.0,10277.0,12392.0,154.0,170.0,186.0,206.0,229.0,262.0,297.0,352.0,451.0,200.0,178.0,156.0,134.0,113.0,90.0,68.0,46.0,24.0,25292.0,28107.0,31692.0,35702.0,42084.0,51705.0,64998.0,93356.0,162264.0,151.0,134.0,117.0,101.0,85.0,68.0,52.0,35.0,18.0,2669.0,2790.0,2884.0,2984.0,3072.0,3160.0,3258.0,3415.0,3759.0,429.0,479.0,544.0,628.0,710.0,832.0,852.0,882.0,967.0,76.0,67.0,59.0,51.0,43.0,34.0,26.0,18.0,9.0,3208.0,3208.0,3261.0,3261.0,3261.0,3342.0,3342.0,3484.0,3484.0,6.0,6.0,5.0,5.0,5.0,4.0,4.0,3.0,3.0,100.0,1440.0,1440.0,100.0,572.0,572.0
Sep 25 2023 - 00:45:00,Sep 25 2023 - 01:00:00,MNG-KNVVB01,10.201.165.1,1.09,0.45000000000000007,1539.0,1295.0,1234.0,6.68,10360.710000000001,1550.6999999999998,9.03,9869.98,1092.69,0.22,1.0,460.0,1.48,16.0,1079.0,6.77,9211.98,1360.44,8.47,8201.26,968.08,6.04,1148.74,190.26,13.39,1668.7,124.61,10.65,2322.0,21796.0,0.35,129.0,36363.0,0.0,0.0,546.0,0.0,0.0,108.0,0.0,0.0,391.0,0.0,0.0,572.0,95.43,439.0,460.0,99.63,1075.0,1079.0,1.0,1.0,0.0,0.0,37.0,37.0,37.0,37.0,0.0,0.0,0.0,0.0,0.0,16705.0,0.0,0.0,0.0,0.0,0.0,29066.0,0.0,0.0,0.0,0.0,0.0,0.0,0.0,5091.0,0.0,0.0,0.0,0.0,0.0,7426.0,11419.0,11770.0,13551.0,13907.0,16600.0,17034.0,22140.0,22946.0,33532.0,174.0,185.0,207.0,223.0,257.0,282.0,336.0,385.0,505.0,194.0,173.0,151.0,130.0,109.0,88.0,66.0,45.0,23.0,25448.0,28269.0,31879.0,35914.0,42348.0,52021.0,65430.0,93943.0,163444.0,148.0,132.0,115.0,100.0,83.0,67.0,51.0,35.0,18.0,2710.0,2832.0,2933.0,3037.0,3140.0,3239.0,3345.0,3521.0,3875.0,467.0,521.0,592.0,684.0,777.0,915.0,961.0,1043.0,1254.0,80.0,71.0,62.0,54.0,45.0,36.0,28.0,19.0,10.0,23466.0,23466.0,23519.0,31299.0,31299.0,31380.0,35467.0,35609.0,35609.0,8.0,8.0,7.0,6.0,6.0,5.0,4.0,3.0,3.0,100.0,1081.0,1081.0,100.0,461.0,461.0
Sep 25 2023 - 01:00:00,Sep 25 2023 - 01:15:00,MNG-KNVVB01,10.201.165.1,1.0899999999999999,0.6100000000000001,1742.0,1104.0,2342.0,5.63,8834.73,1568.79,16.32,18731.18,1147.51,0.9,4.0,442.0,0.85,11.0,1300.0,5.6,7733.82,1381.8200000000002,16.91,16957.57,1002.7800000000001,5.89,1100.9,186.97,12.25,1773.6,144.73,9.75,1858.0,19051.0,0.13,89.0,67256.0,0.0,0.0,633.0,0.0,0.0,112.0,0.0,0.0,356.0,0.0,0.0,694.0,93.21,412.0,442.0,99.92,1299.0,1300.0,0.0,0.0,0.0,0.0,26.0,26.0,26.0,26.0,0.0,0.0,0.0,0.0,0.0,14152.0,0.0,0.0,0.0,0.0,0.0,59443.0,0.0,0.0,0.0,0.0,0.0,0.0,0.0,4899.0,0.0,0.0,0.0,0.0,0.0,7902.0,11510.0,11824.0,13543.0,13867.0,16552.0,16996.0,22090.0,22833.0,32932.0,176.0,186.0,207.0,222.0,255.0,281.0,334.0,382.0,496.0,125.0,112.0,98.0,85.0,71.0,57.0,43.0,30.0,16.0,10075.0,10974.0,11747.0,13095.0,14370.0,16966.0,21449.0,27085.0,48555.0,111.0,99.0,87.0,75.0,63.0,51.0,38.0,27.0,14.0,2716.0,2833.0,2928.0,3036.0,3131.0,3228.0,3336.0,3508.0,3858.0,459.0,512.0,582.0,673.0,765.0,901.0,946.0,1023.0,1221.0,89.0,79.0,69.0,60.0,50.0,40.0,31.0,21.0,11.0,22619.0,22619.0,22672.0,30452.0,30452.0,30533.0,34620.0,34762.0,34762.0,8.0,8.0,7.0,6.0,6.0,5.0,4.0,3.0,3.0,100.0,1301.0,1301.0,100.0,442.0,442.0
Sep 25 2023 - 01:15:00,Sep 25 2023 - 01:30:00,MNG-KNVVB01,10.201.165.1,1.29,0.72,1567.0,1580.0,1694.0,7.72,12646.41,1638.4,9.71,13553.95,1396.15,0.23,1.0,432.0,1.59,18.0,1135.0,7.93,11639.73,1467.92,9.47,12063.16,1274.45,5.9,1006.68,170.48,12.25,1490.79,121.7,9.34,2396.0,25649.0,0.33,161.0,49012.0,0.0,0.0,509.0,0.0,0.0,111.0,0.0,0.0,354.0,0.0,0.0,660.0,86.57,374.0,432.0,99.12,1125.0,1135.0,0.0,0.0,0.0,0.0,34.0,34.0,33.0,33.0,0.0,0.0,0.0,0.0,0.0,21157.0,0.0,0.0,0.0,0.0,0.0,42523.0,0.0,0.0,0.0,0.0,0.0,0.0,0.0,4492.0,0.0,0.0,0.0,0.0,0.0,6650.0,11795.0,12082.0,13770.0,14052.0,16578.0,16836.0,21938.0,22392.0,31945.0,198.0,210.0,231.0,254.0,286.0,311.0,393.0,452.0,578.0,82.0,74.0,65.0,56.0,47.0,38.0,28.0,20.0,11.0,9814.0,10642.0,11335.0,12591.0,13731.0,16134.0,20310.0,25406.0,45488.0,75.0,67.0,59.0,51.0,43.0,35.0,26.0,19.0,10.0,1470.0,1522.0,1579.0,1637.0,1705.0,1775.0,1858.0,1990.0,2227.0,66.0,72.0,81.0,92.0,107.0,129.0,165.0,231.0,403.0,81.0,72.0,63.0,55.0,46.0,37.0,29.0,20.0,11.0,20942.0,20942.0,20942.0,28722.0,28722.0,28722.0,32809.0,32809.0,32809.0,5.0,5.0,5.0,4.0,4.0,4.0,3.0,3.0,3.0,100.0,1136.0,1136.0,100.0,431.0,431.0
Sep 25 2023 - 01:30:00,Sep 25 2023 - 01:45:00,MNG-KNVVB01,10.201.165.1,1.2399999999999998,0.59,1429.0,1057.0,3788.0,3.45,8456.97,2453.16,15.25,30305.2,1986.9699999999998,0.2,1.0,500.0,0.65,6.0,929.0,3.44,8137.2300000000005,2368.79,15.5,29721.809999999998,1917.92,3.79,319.75,84.37,8.45,583.39,69.05,10.3,1741.0,16902.0,0.15,159.0,105995.0,0.0,0.0,363.0,0.0,0.0,77.0,0.0,0.0,456.0,0.0,0.0,600.0,97.4,487.0,500.0,99.78,927.0,929.0,0.0,0.0,0.0,0.0,32.0,32.0,33.0,33.0,0.0,0.0,0.0,0.0,0.0,15426.0,0.0,0.0,0.0,0.0,0.0,103492.0,0.0,0.0,0.0,0.0,0.0,0.0,0.0,1476.0,0.0,0.0,0.0,0.0,0.0,2662.0,11795.0,12082.0,13770.0,14052.0,16578.0,16836.0,21938.0,22392.0,31945.0,198.0,210.0,231.0,254.0,286.0,311.0,393.0,452.0,578.0,82.0,74.0,65.0,56.0,47.0,38.0,28.0,20.0,11.0,9814.0,10642.0,11335.0,12591.0,13731.0,16134.0,20310.0,25406.0,45488.0,75.0,67.0,59.0,51.0,43.0,35.0,26.0,19.0,10.0,1470.0,1522.0,1579.0,1637.0,1705.0,1775.0,1858.0,1990.0,2227.0,66.0,72.0,81.0,92.0,107.0,129.0,165.0,231.0,403.0,81.0,72.0,63.0,55.0,46.0,37.0,29.0,20.0,11.0,20942.0,20942.0,20942.0,28722.0,28722.0,28722.0,32809.0,32809.0,32809.0,5.0,5.0,5.0,4.0,4.0,4.0,3.0,3.0,3.0,100.0,930.0,930.0,100.0,501.0,501.0
Sep 25 2023 - 01:45:00,Sep 25 2023 - 02:00:00,MNG-KNVVB01,10.201.165.1,1.1800000000000002,0.38,1582.0,2124.0,1382.0,7.77,16989.989999999998,2185.31,7.27,11056.17,1520.58,0.37,2.0,543.0,0.38,4.0,1039.0,7.97,16638.129999999997,2088.08,7.19,10162.07,1413.23,3.62,351.86,97.23,8.33,894.1,107.35,17.16,5393.0,31431.0,0.37,148.0,39697.0,0.0,0.0,487.0,0.0,0.0,90.0,0.0,0.0,485.0,0.0,0.0,580.0,99.82,542.0,543.0,99.23,1031.0,1039.0,0.0,0.0,0.0,0.0,33.0,33.0,32.0,32.0,0.0,0.0,0.0,0.0,0.0,29811.0,0.0,0.0,0.0,0.0,0.0,35814.0,0.0,0.0,0.0,0.0,0.0,0.0,0.0,1620.0,0.0,0.0,0.0,0.0,0.0,4031.0,9558.0,10445.0,11182.0,12352.0,13312.0,15096.0,17864.0,20957.0,31220.0,165.0,182.0,198.0,228.0,253.0,291.0,368.0,441.0,579.0,101.0,90.0,80.0,68.0,58.0,46.0,34.0,24.0,13.0,30007.0,33445.0,37511.0,42662.0,49961.0,61723.0,78555.0,109526.0,192819.0,104.0,92.0,81.0,70.0,59.0,47.0,36.0,25.0,13.0,1471.0,1532.0,1591.0,1661.0,1741.0,1843.0,1976.0,2182.0,2390.0,139.0,155.0,174.0,202.0,235.0,293.0,390.0,544.0,831.0,86.0,76.0,67.0,58.0,49.0,39.0,30.0,21.0,11.0,23869.0,24585.0,25291.0,25934.0,25934.0,26579.0,27214.0,28484.0,28600.0,10.0,9.0,8.0,7.0,7.0,6.0,5.0,4.0,3.0,100.0,1035.0,1035.0,100.0,542.0,542.0
Sep 25 2023 - 02:00:00,Sep 25 2023 - 02:15:00,MNG-KNVVB01,10.201.165.1,1.18,0.38,1707.0,1247.0,1086.0,4.61,9975.99,2166.21,5.75,8684.74,1510.24,0.18,1.0,569.0,0.62,7.0,1138.0,4.47,8648.42,1932.6699999999998,4.93,6695.61,1358.3700000000001,5.68,1327.57,233.54,13.1,1989.12,151.87,10.67,2301.0,21563.0,0.18,57.0,32409.0,0.0,0.0,614.0,0.0,0.0,136.0,0.0,0.0,459.0,0.0,0.0,549.0,96.31,548.0,569.0,100.0,1138.0,1138.0,1.0,1.0,0.0,0.0,23.0,23.0,23.0,23.0,0.0,0.0,0.0,0.0,0.0,15687.0,0.0,0.0,0.0,0.0,0.0,23627.0,0.0,0.0,0.0,0.0,0.0,0.0,0.0,5876.0,0.0,0.0,0.0,0.0,0.0,8839.0,8676.0,9492.0,10266.0,11379.0,12278.0,14015.0,16632.0,19496.0,29375.0,127.0,140.0,154.0,179.0,198.0,228.0,298.0,366.0,496.0,49.0,44.0,39.0,33.0,29.0,23.0,17.0,12.0,7.0,25348.0,28045.0,31513.0,35514.0,41797.0,51318.0,64156.0,90310.0,154429.0,89.0,79.0,69.0,60.0,50.0,40.0,31.0,21.0,11.0,1459.0,1520.0,1575.0,1641.0,1702.0,1802.0,1946.0,2149.0,2328.0,137.0,154.0,172.0,201.0,233.0,291.0,387.0,540.0,823.0,69.0,61.0,54.0,46.0,40.0,32.0,24.0,17.0,9.0,23842.0,24558.0,25264.0,25907.0,25907.0,26552.0,27187.0,28457.0,28573.0,10.0,9.0,8.0,7.0,7.0,6.0,5.0,4.0,3.0,100.0,1140.0,1140.0,100.0,571.0,571.0
Sep 25 2023 - 02:15:00,Sep 25 2023 - 02:30:00,MNG-KNVVB01,10.201.165.1,1.1,0.44,1221.0,2462.0,1713.0,12.64,19701.86,1559.27,12.59,13705.25,1088.74,0.0,0.0,402.0,1.1,9.0,819.0,13.03,18598.26,1427.27,12.33,12200.12,989.55,8.36,1103.6,132.0,15.17,1505.14,99.19,13.41,5104.0,38059.0,0.22,107.0,49385.0,0.0,0.0,444.0,0.0,0.0,99.0,0.0,0.0,339.0,0.0,0.0,409.0,96.52,388.0,402.0,98.9,810.0,819.0,1.0,1.0,0.0,0.0,35.0,35.0,34.0,34.0,0.0,0.0,0.0,0.0,0.0,33179.0,0.0,0.0,0.0,0.0,0.0,42808.0,0.0,0.0,0.0,0.0,0.0,0.0,0.0,4880.0,0.0,0.0,0.0,0.0,0.0,6684.0,8629.0,9450.0,10192.0,11253.0,12132.0,13899.0,16392.0,19289.0,29133.0,97.0,109.0,121.0,136.0,148.0,174.0,209.0,259.0,382.0,54.0,48.0,42.0,36.0,32.0,25.0,19.0,13.0,7.0,25339.0,28043.0,31515.0,35523.0,41817.0,51344.0,64199.0,90376.0,154500.0,88.0,78.0,68.0,59.0,49.0,39.0,30.0,20.0,10.0,1459.0,1520.0,1575.0,1641.0,1702.0,1802.0,1946.0,2149.0,2328.0,137.0,154.0,172.0,201.0,233.0,291.0,387.0,540.0,823.0,69.0,61.0,54.0,46.0,40.0,32.0,24.0,17.0,9.0,24945.0,25661.0,26367.0,27010.0,27010.0,27655.0,28290.0,29560.0,29676.0,10.0,9.0,8.0,7.0,7.0,6.0,5.0,4.0,3.0,100.0,819.0,819.0,100.0,402.0,402.0
Sep 25 2023 - 02:30:00,Sep 25 2023 - 02:45:00,MNG-KNVVB01,10.201.165.1,1.03,0.38,1216.0,3182.0,1304.0,19.98,25453.88,1274.15,9.35,10435.2,1116.27,0.52,2.0,387.0,1.09,9.0,829.0,22.18,24208.7,1091.6000000000001,8.64,8936.45,1034.25,6.82,1245.18,182.55,18.27,1498.76,82.02,11.71,5627.0,48037.0,0.15,56.0,38196.0,0.0,0.0,396.0,0.0,0.0,74.0,0.0,0.0,326.0,0.0,0.0,442.0,96.9,375.0,387.0,98.91,820.0,829.0,0.0,0.0,0.0,0.0,16.0,16.0,11.0,11.0,0.0,0.0,0.0,0.0,0.0,42516.0,0.0,0.0,0.0,0.0,0.0,31602.0,0.0,0.0,0.0,0.0,0.0,0.0,0.0,5521.0,0.0,0.0,0.0,0.0,0.0,6650.0,8629.0,9450.0,10192.0,11253.0,12132.0,13899.0,16392.0,19289.0,29133.0,97.0,109.0,121.0,136.0,148.0,174.0,209.0,259.0,382.0,54.0,48.0,42.0,36.0,32.0,25.0,19.0,13.0,7.0,25339.0,28043.0,31515.0,35523.0,41817.0,51344.0,64199.0,90376.0,154500.0,88.0,78.0,68.0,59.0,49.0,39.0,30.0,20.0,10.0,1459.0,1520.0,1575.0,1641.0,1702.0,1802.0,1946.0,2149.0,2328.0,137.0,154.0,172.0,201.0,233.0,291.0,387.0,540.0,823.0,69.0,61.0,54.0,46.0,40.0,32.0,24.0,17.0,9.0,24945.0,25661.0,26367.0,27010.0,27010.0,27655.0,28290.0,29560.0,29676.0,10.0,9.0,8.0,7.0,7.0,6.0,5.0,4.0,3.0,100.0,827.0,827.0,100.0,384.0,384.0
Sep 25 2023 - 02:45:00,Sep 25 2023 - 03:00:00,MNG-KNVVB01,10.201.165.1,0.65,0.2,1108.0,268.0,274.0,2.46,2137.13,867.5600000000001,2.93,2193.93,749.35,0.0,0.0,365.0,0.81,6.0,743.0,1.44,1029.8000000000002,715.8900000000001,1.0,649.72,651.79,7.3,1107.34,151.67,15.83,1544.2,97.56,2.86,198.0,6918.0,0.0,0.0,9313.0,0.0,0.0,432.0,0.0,0.0,92.0,0.0,0.0,278.0,0.0,0.0,316.0,98.63,360.0,365.0,99.73,741.0,743.0,0.0,0.0,0.0,0.0,5.0,5.0,5.0,5.0,0.0,0.0,0.0,0.0,0.0,2037.0,0.0,0.0,0.0,0.0,0.0,2466.0,0.0,0.0,0.0,0.0,0.0,0.0,0.0,4881.0,0.0,0.0,0.0,0.0,0.0,6847.0,10768.0,11664.0,12747.0,13945.0,15397.0,18043.0,20945.0,25448.0,34162.0,140.0,155.0,172.0,190.0,207.0,240.0,278.0,337.0,463.0,59.0,53.0,46.0,40.0,35.0,27.0,21.0,14.0,8.0,12507.0,13480.0,14684.0,16502.0,18716.0,21948.0,27960.0,38006.0,63054.0,84.0,75.0,66.0,56.0,47.0,38.0,28.0,19.0,10.0,1478.0,1536.0,1593.0,1660.0,1719.0,1818.0,1961.0,2159.0,2349.0,184.0,208.0,232.0,272.0,316.0,395.0,528.0,739.0,1080.0,69.0,61.0,54.0,46.0,40.0,32.0,24.0,17.0,9.0,24352.0,26119.0,30680.0,31491.0,32208.0,34216.0,35739.0,39918.0,44602.0,15.0,14.0,12.0,11.0,10.0,8.0,7.0,5.0,4.0,100.0,743.0,743.0,100.0,365.0,365.0
Sep 25 2023 - 03:00:00,Sep 25 2023 - 03:15:00,MNG-KNVVB01,10.201.165.1,0.6,0.17,1008.0,227.0,245.0,2.03,1817.25,893.49,2.66,1956.5099999999998,735.9599999999999,0.58,2.0,345.0,0.9,6.0,663.0,0.94,700.5899999999999,748.58,0.93,620.38,667.4200000000001,7.71,1116.66,144.91,19.49,1336.14,68.54,1.3,83.0,6369.0,0.0,0.0,8260.0,0.0,0.0,328.0,0.0,0.0,69.0,0.0,0.0,279.0,0.0,0.0,338.0,95.07,328.0,345.0,99.55,660.0,663.0,0.0,0.0,0.0,0.0,2.0,2.0,1.0,1.0,0.0,0.0,0.0,0.0,0.0,1459.0,0.0,0.0,0.0,0.0,0.0,2353.0,0.0,0.0,0.0,0.0,0.0,0.0,0.0,4910.0,0.0,0.0,0.0,0.0,0.0,5907.0,10675.0,11526.0,12552.0,13728.0,15187.0,17849.0,20782.0,25347.0,34034.0,139.0,154.0,169.0,187.0,204.0,236.0,273.0,329.0,452.0,59.0,53.0,46.0,40.0,35.0,27.0,21.0,14.0,8.0,13594.0,14645.0,15954.0,17905.0,20300.0,24116.0,30665.0,41542.0,66796.0,86.0,77.0,68.0,58.0,49.0,39.0,29.0,20.0,11.0,1483.0,1549.0,1619.0,1704.0,1750.0,1871.0,2021.0,2234.0,2454.0,184.0,208.0,232.0,272.0,316.0,394.0,527.0,738.0,1079.0,60.0,53.0,47.0,40.0,35.0,28.0,21.0,15.0,8.0,23695.0,25462.0,30023.0,30834.0,31551.0,33559.0,35082.0,39261.0,43945.0,15.0,14.0,12.0,11.0,10.0,8.0,7.0,5.0,4.0,100.0,665.0,665.0,100.0,346.0,346.0
Sep 25 2023 - 03:15:00,Sep 25 2023 - 03:30:00,MNG-KNVVB01,10.201.165.1,0.7,0.22,1112.0,264.0,278.0,2.24,2115.64,942.46,2.83,2220.05,785.1199999999999,0.27,1.0,368.0,1.08,8.0,744.0,1.68,1317.7199999999998,785.4100000000001,1.51,1060.12,703.7399999999999,5.08,797.9200000000001,157.04999999999998,14.25,1159.92,81.38000000000001,1.98,121.0,6111.0,0.0,0.0,9061.0,0.0,0.0,399.0,0.0,0.0,88.0,0.0,0.0,285.0,0.0,0.0,346.0,96.2,354.0,368.0,99.19,738.0,744.0,0.0,0.0,0.0,0.0,4.0,4.0,2.0,2.0,0.0,0.0,0.0,0.0,0.0,2544.0,0.0,0.0,0.0,0.0,0.0,3885.0,0.0,0.0,0.0,0.0,0.0,0.0,0.0,3567.0,0.0,0.0,0.0,0.0,0.0,5176.0,10847.0,11631.0,12616.0,13778.0,15236.0,17842.0,20776.0,25246.0,33871.0,127.0,138.0,150.0,165.0,181.0,205.0,234.0,265.0,321.0,54.0,49.0,43.0,37.0,32.0,25.0,19.0,13.0,8.0,13620.0,14666.0,15978.0,17910.0,20306.0,24129.0,30656.0,41504.0,66741.0,84.0,75.0,66.0,57.0,48.0,38.0,29.0,20.0,11.0,1483.0,1549.0,1619.0,1704.0,1750.0,1871.0,2021.0,2234.0,2454.0,184.0,208.0,232.0,272.0,316.0,394.0,527.0,738.0,1079.0,60.0,53.0,47.0,40.0,35.0,28.0,21.0,15.0,8.0,22592.0,24359.0,28920.0,29731.0,30448.0,32456.0,33979.0,38158.0,42842.0,15.0,14.0,12.0,11.0,10.0,8.0,7.0,5.0,4.0,100.0,743.0,743.0,100.0,369.0,369.0
Sep 25 2023 - 03:30:00,Sep 25 2023 - 03:45:00,MNG-KNVVB01,10.201.165.1,0.8799999999999999,0.31,1349.0,1665.0,899.0,9.57,13319.05,1391.96,6.08,7188.64,1183.05,0.5,2.0,399.0,0.95,9.0,950.0,10.1,12221.680000000002,1209.58,5.23,5417.01,1035.3,6.02,1097.35,182.38,11.99,1771.6399999999999,147.75,7.95,2108.0,26532.0,1.21,325.0,26793.0,0.0,0.0,626.0,0.0,0.0,103.0,0.0,0.0,312.0,0.0,0.0,338.0,98.25,392.0,399.0,99.68,947.0,950.0,0.0,0.0,1.0,1.0,17.0,17.0,14.0,14.0,0.0,0.0,0.0,0.0,0.0,21649.0,0.0,0.0,0.0,0.0,0.0,19234.0,0.0,0.0,0.0,0.0,0.0,0.0,0.0,4883.0,0.0,0.0,0.0,0.0,0.0,7884.0,10847.0,11631.0,12616.0,13778.0,15236.0,17842.0,20776.0,25246.0,33871.0,127.0,138.0,150.0,165.0,181.0,205.0,234.0,265.0,321.0,54.0,49.0,43.0,37.0,32.0,25.0,19.0,13.0,8.0,13620.0,14666.0,15978.0,17910.0,20306.0,24129.0,30656.0,41504.0,66741.0,84.0,75.0,66.0,57.0,48.0,38.0,29.0,20.0,11.0,1483.0,1549.0,1619.0,1704.0,1750.0,1871.0,2021.0,2234.0,2454.0,184.0,208.0,232.0,272.0,316.0,394.0,527.0,738.0,1079.0,60.0,53.0,47.0,40.0,35.0,28.0,21.0,15.0,8.0,22592.0,24359.0,28920.0,29731.0,30448.0,32456.0,33979.0,38158.0,42842.0,15.0,14.0,12.0,11.0,10.0,8.0,7.0,5.0,4.0,100.0,949.0,949.0,100.0,398.0,398.0
Sep 25 2023 - 03:45:00,Sep 25 2023 - 04:00:00,MNG-KNVVB01,10.201.165.1,1.21,0.5700000000000001,1343.0,2263.0,632.0,18.13,18101.980000000003,998.47,4.94,5060.9,1025.1299999999999,0.25,1.0,402.0,0.85,8.0,941.0,20.53,17324.06,843.6400000000001,4.18,3638.88,870.5500000000001,5.02,777.9300000000001,154.82999999999998,9.2,1422.01,154.57999999999998,13.89,4692.0,33772.0,0.25,49.0,19488.0,0.0,0.0,589.0,0.0,0.0,105.0,0.0,0.0,318.0,0.0,0.0,373.0,97.01,390.0,402.0,99.26,934.0,941.0,2.0,2.0,2.0,2.0,18.0,18.0,17.0,17.0,0.0,0.0,0.0,0.0,0.0,30289.0,0.0,0.0,0.0,0.0,0.0,13169.0,0.0,0.0,0.0,0.0,0.0,0.0,0.0,3483.0,0.0,0.0,0.0,0.0,0.0,6368.0,7303.0,7412.0,7588.0,7725.0,7843.0,9700.0,9956.0,10181.0,10266.0,97.0,100.0,103.0,108.0,112.0,123.0,132.0,140.0,154.0,27.0,25.0,22.0,19.0,17.0,13.0,10.0,7.0,5.0,6058.0,6205.0,6378.0,6571.0,6825.0,7511.0,8074.0,8947.0,9242.0,60.0,53.0,47.0,41.0,35.0,27.0,21.0,15.0,8.0,1573.0,1642.0,1720.0,1807.0,1855.0,1977.0,2134.0,2330.0,2437.0,183.0,206.0,234.0,273.0,315.0,389.0,513.0,735.0,894.0,62.0,55.0,48.0,41.0,36.0,29.0,22.0,15.0,8.0,22978.0,24045.0,24647.0,26156.0,26861.0,27639.0,29368.0,30514.0,31457.0,14.0,13.0,12.0,10.0,9.0,8.0,6.0,5.0,4.0,100.0,943.0,943.0,100.0,403.0,403.0
Sep 25 2023 - 04:00:00,Sep 25 2023 - 04:15:00,MNG-KNVVB01,10.201.165.1,1.05,0.6,1283.0,7900.0,1477.0,30.98,63200.08,2039.8,9.27,11813.810000000001,1274.8999999999999,0.77,3.0,389.0,1.12,10.0,894.0,33.4,62038.15,1857.46,9.03,10046.15,1112.41,6.37,1161.93,182.33999999999997,10.88,1767.66,162.49,24.74,27909.0,112825.0,0.1,44.0,44365.0,0.0,0.0,595.0,0.0,0.0,122.0,0.0,0.0,280.0,0.0,0.0,310.0,97.43,379.0,389.0,99.66,891.0,894.0,1.0,1.0,1.0,1.0,11.0,11.0,11.0,11.0,0.0,0.0,0.0,0.0,0.0,107677.0,0.0,0.0,0.0,0.0,0.0,36548.0,0.0,0.0,0.0,0.0,0.0,0.0,0.0,5148.0,0.0,0.0,0.0,0.0,0.0,7861.0,10750.0,11350.0,12056.0,13006.0,13808.0,17072.0,19696.0,24427.0,35354.0,190.0,205.0,223.0,248.0,270.0,319.0,390.0,509.0,789.0,40.0,36.0,32.0,27.0,24.0,19.0,14.0,10.0,6.0,5053.0,5168.0,5312.0,5387.0,5491.0,5689.0,5846.0,6156.0,6365.0,71.0,63.0,55.0,48.0,41.0,32.0,25.0,17.0,9.0,1571.0,1635.0,1709.0,1779.0,1860.0,1968.0,2104.0,2288.0,2376.0,185.0,207.0,236.0,274.0,317.0,392.0,517.0,740.0,899.0,79.0,70.0,61.0,53.0,45.0,36.0,28.0,19.0,10.0,22978.0,24045.0,24647.0,26156.0,26861.0,27639.0,29368.0,30514.0,31457.0,14.0,13.0,12.0,10.0,9.0,8.0,6.0,5.0,4.0,100.0,893.0,893.0,100.0,390.0,390.0
Sep 25 2023 - 04:15:00,Sep 25 2023 - 04:30:00,MNG-KNVVB01,10.201.165.1,0.78,0.26,1300.0,643.0,319.0,4.51,5139.89,1139.5700000000002,1.24,2555.79,2056.7400000000002,0.5,2.0,402.0,1.11,10.0,898.0,4.17,4058.45,972.2199999999999,0.49,940.73,1928.54,6.46,1081.44,167.35,12.6,1615.04,128.2,3.2,387.0,12087.0,0.06,6.0,10768.0,0.0,0.0,566.0,0.0,0.0,106.0,0.0,0.0,310.0,0.0,0.0,348.0,95.27,383.0,402.0,99.89,897.0,898.0,1.0,1.0,1.0,1.0,15.0,15.0,13.0,13.0,0.0,0.0,0.0,0.0,0.0,7301.0,0.0,0.0,0.0,0.0,0.0,3571.0,0.0,0.0,0.0,0.0,0.0,0.0,0.0,4786.0,0.0,0.0,0.0,0.0,0.0,7203.0,10836.0,11579.0,12318.0,13296.0,14188.0,17536.0,20111.0,24922.0,35986.0,268.0,294.0,325.0,365.0,410.0,494.0,617.0,806.0,1136.0,37.0,33.0,29.0,25.0,22.0,17.0,13.0,9.0,5.0,5018.0,5147.0,5291.0,5380.0,5483.0,5679.0,5863.0,6218.0,6515.0,73.0,65.0,57.0,49.0,42.0,33.0,25.0,17.0,9.0,1571.0,1635.0,1709.0,1779.0,1860.0,1968.0,2104.0,2288.0,2376.0,185.0,207.0,236.0,274.0,317.0,392.0,517.0,740.0,899.0,79.0,70.0,61.0,53.0,45.0,36.0,28.0,19.0,10.0,22978.0,24045.0,24647.0,26156.0,26861.0,27639.0,29368.0,30514.0,31457.0,14.0,13.0,12.0,10.0,9.0,8.0,6.0,5.0,4.0,100.0,900.0,900.0,100.0,400.0,400.0
Sep 25 2023 - 04:30:00,Sep 25 2023 - 04:45:00,MNG-KNVVB01,10.201.165.1,0.84,0.27,1439.0,690.0,417.0,4.87,5528.76,1135.01,3.33,3341.18,1002.39,0.45,2.0,448.0,1.31,13.0,991.0,4.4,4179.51,950.0799999999999,1.63,1424.44,871.43,7.3,1349.24,184.93,14.64,1916.75,130.95999999999998,8.41,1139.0,13536.0,0.02,3.0,13808.0,0.0,0.0,572.0,0.0,0.0,105.0,0.0,0.0,357.0,0.0,0.0,427.0,97.99,439.0,448.0,99.5,986.0,991.0,2.0,2.0,0.0,0.0,10.0,10.0,10.0,10.0,0.0,0.0,0.0,0.0,0.0,7592.0,0.0,0.0,0.0,0.0,0.0,5316.0,0.0,0.0,0.0,0.0,0.0,0.0,0.0,5944.0,0.0,0.0,0.0,0.0,0.0,8495.0,10836.0,11579.0,12318.0,13296.0,14188.0,17536.0,20111.0,24922.0,35986.0,268.0,294.0,325.0,365.0,410.0,494.0,617.0,806.0,1136.0,37.0,33.0,29.0,25.0,22.0,17.0,13.0,9.0,5.0,5018.0,5147.0,5291.0,5380.0,5483.0,5679.0,5863.0,6218.0,6515.0,73.0,65.0,57.0,49.0,42.0,33.0,25.0,17.0,9.0,1571.0,1635.0,1709.0,1779.0,1860.0,1968.0,2104.0,2288.0,2376.0,185.0,207.0,236.0,274.0,317.0,392.0,517.0,740.0,899.0,79.0,70.0,61.0,53.0,45.0,36.0,28.0,19.0,10.0,22978.0,24045.0,24647.0,26156.0,26861.0,27639.0,29368.0,30514.0,31457.0,14.0,13.0,12.0,10.0,9.0,8.0,6.0,5.0,4.0,100.0,989.0,989.0,100.0,450.0,450.0
Sep 25 2023 - 04:45:00,Sep 25 2023 - 05:00:00,MNG-KNVVB01,10.201.165.1,0.8500000000000001,0.31,1433.0,732.0,546.0,5.18,5858.73,1131.93,4.82,4370.17,907.37,0.0,0.0,428.0,1.09,11.0,1005.0,4.83,4714.889999999999,976.23,3.43,2677.5199999999995,781.18,7.35,1143.85,155.7,13.41,1692.65,126.19,7.59,1035.0,13642.0,0.51,88.0,17088.0,0.0,0.0,551.0,0.0,0.0,107.0,0.0,0.0,332.0,0.0,0.0,467.0,97.66,418.0,428.0,99.4,999.0,1005.0,1.0,1.0,1.0,1.0,11.0,11.0,9.0,9.0,0.0,0.0,0.0,0.0,0.0,8577.0,0.0,0.0,0.0,0.0,0.0,9653.0,0.0,0.0,0.0,0.0,0.0,0.0,0.0,5065.0,0.0,0.0,0.0,0.0,0.0,7523.0,11966.0,13024.0,14109.0,15948.0,17436.0,19911.0,24675.0,31492.0,44853.0,295.0,328.0,365.0,423.0,476.0,563.0,708.0,919.0,1271.0,47.0,42.0,37.0,31.0,27.0,22.0,16.0,11.0,6.0,5171.0,5348.0,5528.0,5648.0,5813.0,6078.0,6405.0,6979.0,7935.0,72.0,65.0,56.0,49.0,41.0,33.0,25.0,17.0,9.0,1558.0,1620.0,1699.0,1765.0,1847.0,1962.0,2092.0,2295.0,2380.0,213.0,236.0,272.0,310.0,363.0,458.0,588.0,843.0,1017.0,75.0,67.0,58.0,51.0,43.0,34.0,27.0,18.0,10.0,24330.0,25141.0,25843.0,26384.0,27071.0,29164.0,30407.0,32352.0,35927.0,13.0,12.0,11.0,10.0,9.0,7.0,6.0,5.0,4.0,100.0,1008.0,1008.0,100.0,427.0,427.0
Sep 25 2023 - 05:00:00,Sep 25 2023 - 05:15:00,MNG-KNVVB01,10.201.165.1,1.0,0.5499999999999999,1496.0,804.0,771.0,4.96,6431.32,1295.84,5.64,6166.03,1092.88,0.21,1.0,469.0,2.24,23.0,1027.0,4.79,5385.049999999999,1124.46,4.73,4475.290000000001,945.24,6.1,1046.26,171.38,11.45,1690.74,147.64000000000001,6.37,938.0,14714.0,0.02,5.0,23494.0,0.0,0.0,606.0,0.0,0.0,113.0,0.0,0.0,370.0,0.0,0.0,439.0,96.38,452.0,469.0,99.42,1021.0,1027.0,1.0,1.0,2.0,2.0,12.0,12.0,15.0,15.0,0.0,0.0,0.0,0.0,0.0,10069.0,0.0,0.0,0.0,0.0,0.0,15968.0,0.0,0.0,0.0,0.0,0.0,0.0,0.0,4645.0,0.0,0.0,0.0,0.0,0.0,7531.0,8652.0,9300.0,9837.0,10889.0,11664.0,12670.0,15032.0,17249.0,19829.0,208.0,230.0,253.0,292.0,327.0,377.0,462.0,562.0,653.0,38.0,34.0,30.0,25.0,22.0,18.0,13.0,9.0,5.0,4687.0,4815.0,4965.0,5075.0,5296.0,5485.0,5742.0,6050.0,6897.0,64.0,58.0,50.0,44.0,36.0,30.0,22.0,16.0,8.0,1656.0,1728.0,1805.0,1887.0,1964.0,2095.0,2255.0,2451.0,2545.0,219.0,244.0,280.0,320.0,374.0,472.0,606.0,867.0,1066.0,83.0,74.0,65.0,56.0,48.0,38.0,29.0,20.0,11.0,24330.0,25141.0,25843.0,26384.0,27071.0,29164.0,30407.0,32352.0,35927.0,13.0,12.0,11.0,10.0,9.0,7.0,6.0,5.0,4.0,100.0,1028.0,1028.0,100.0,470.0,470.0
Sep 25 2023 - 05:15:00,Sep 25 2023 - 05:30:00,MNG-KNVVB01,10.201.165.1,1.48,0.75,1736.0,2482.0,2518.0,8.83,19858.629999999997,2249.36,6.67,20142.11,3020.6200000000003,0.74,4.0,544.0,2.43,29.0,1192.0,9.08,18703.83,2060.5099999999998,6.45,18452.86,2858.9700000000003,6.11,1154.8,188.85,10.45,1689.2600000000002,161.65,29.06,11352.0,39064.0,0.25,181.0,72093.0,0.0,0.0,586.0,0.0,0.0,135.0,0.0,0.0,513.0,0.0,0.0,700.0,95.77,521.0,544.0,98.91,1179.0,1192.0,4.0,4.0,6.0,6.0,99.0,99.0,90.0,90.0,0.0,0.0,0.0,0.0,0.0,33941.0,0.0,0.0,0.0,0.0,0.0,64772.0,0.0,0.0,0.0,0.0,0.0,0.0,0.0,5123.0,0.0,0.0,0.0,0.0,0.0,7502.0,9716.0,10503.0,11329.0,12715.0,13924.0,15572.0,19033.0,23341.0,31730.0,153.0,169.0,185.0,215.0,238.0,270.0,322.0,395.0,526.0,74.0,66.0,58.0,49.0,42.0,34.0,25.0,17.0,9.0,14137.0,15317.0,17172.0,19089.0,21734.0,26353.0,31861.0,43839.0,66169.0,95.0,86.0,74.0,65.0,54.0,44.0,33.0,23.0,12.0,1656.0,1728.0,1805.0,1887.0,1964.0,2095.0,2255.0,2451.0,2545.0,219.0,244.0,280.0,320.0,374.0,472.0,606.0,867.0,1066.0,83.0,74.0,65.0,56.0,48.0,38.0,29.0,20.0,11.0,24330.0,25141.0,25843.0,26384.0,27071.0,29164.0,30407.0,32352.0,35927.0,13.0,12.0,11.0,10.0,9.0,7.0,6.0,5.0,4.0,100.0,1190.0,1190.0,100.0,545.0,545.0
Sep 25 2023 - 05:30:00,Sep 25 2023 - 05:45:00,MNG-KNVVB01,10.201.165.1,1.98,1.15,1554.0,6685.0,4097.0,22.76,53480.11,2349.68,16.18,32780.59,2026.6,1.0,5.0,500.0,2.75,29.0,1054.0,24.33,52069.42,2139.81,16.93,31049.21,1833.62,6.72,1410.69,209.87,8.97,1731.38,192.98,32.6,31969.0,98073.0,1.31,1513.0,115776.0,0.0,0.0,529.0,0.0,0.0,105.0,0.0,0.0,573.0,0.0,0.0,690.0,91.8,459.0,500.0,99.15,1045.0,1054.0,6.0,6.0,3.0,3.0,169.0,169.0,161.0,161.0,0.0,0.0,0.0,0.0,0.0,91845.0,0.0,0.0,0.0,0.0,0.0,109584.0,0.0,0.0,0.0,0.0,0.0,0.0,0.0,6228.0,0.0,0.0,0.0,0.0,0.0,7705.0,9716.0,10503.0,11329.0,12715.0,13924.0,15572.0,19033.0,23341.0,31730.0,153.0,169.0,185.0,215.0,238.0,270.0,322.0,395.0,526.0,74.0,66.0,58.0,49.0,42.0,34.0,25.0,17.0,9.0,14137.0,15317.0,17172.0,19089.0,21734.0,26353.0,31861.0,43839.0,66169.0,95.0,86.0,74.0,65.0,54.0,44.0,33.0,23.0,12.0,1656.0,1728.0,1805.0,1887.0,1964.0,2095.0,2255.0,2451.0,2545.0,219.0,244.0,280.0,320.0,374.0,472.0,606.0,867.0,1066.0,83.0,74.0,65.0,56.0,48.0,38.0,29.0,20.0,11.0,24330.0,25141.0,25843.0,26384.0,27071.0,29164.0,30407.0,32352.0,35927.0,13.0,12.0,11.0,10.0,9.0,7.0,6.0,5.0,4.0,100.0,1055.0,1055.0,100.0,503.0,503.0
Sep 25 2023 - 05:45:00,Sep 25 2023 - 06:00:00,MNG-KNVVB01,10.201.165.1,2.0999999999999996,1.19,1669.0,7680.0,3393.0,28.32,61437.3,2169.38,13.45,27140.97,2017.52,1.61,10.0,623.0,3.92,41.0,1046.0,31.02,59650.64,1923.19,14.18,25473.33,1796.2800000000002,7.26,1786.65,246.19,7.54,1667.65,221.24,9.4,10602.0,112765.0,0.52,500.0,96839.0,0.0,0.0,455.0,0.0,0.0,115.0,0.0,0.0,637.0,0.0,0.0,695.0,91.17,568.0,623.0,98.85,1034.0,1046.0,1.0,1.0,3.0,3.0,129.0,129.0,101.0,101.0,0.0,0.0,0.0,0.0,0.0,104884.0,0.0,0.0,0.0,0.0,0.0,89927.0,0.0,0.0,0.0,0.0,0.0,0.0,0.0,7881.0,0.0,0.0,0.0,0.0,0.0,7412.0,9091.0,9952.0,10869.0,11885.0,13078.0,14694.0,16901.0,20531.0,29218.0,170.0,190.0,214.0,242.0,277.0,326.0,397.0,517.0,742.0,99.0,88.0,77.0,66.0,56.0,45.0,34.0,23.0,12.0,17850.0,19488.0,21917.0,24598.0,28279.0,34698.0,42846.0,59681.0,94454.0,128.0,115.0,100.0,87.0,73.0,58.0,44.0,30.0,16.0,1607.0,1677.0,1754.0,1837.0,1928.0,2043.0,2204.0,2388.0,2535.0,242.0,269.0,308.0,352.0,424.0,514.0,687.0,956.0,1259.0,84.0,75.0,66.0,57.0,48.0,39.0,29.0,21.0,11.0,19223.0,20909.0,22907.0,25628.0,27002.0,27696.0,29659.0,31239.0,33159.0,14.0,13.0,12.0,10.0,9.0,8.0,6.0,5.0,4.0,100.0,1046.0,1046.0,100.0,622.0,622.0
Sep 25 2023 - 06:00:00,Sep 25 2023 - 06:15:00,MNG-KNVVB01,10.201.165.1,2.59,1.52,2489.0,15745.0,4411.0,28.05,125959.45000000001,4490.58,10.6,35291.67,3329.25,2.05,15.0,732.0,3.41,60.0,1757.0,30.01,123151.26,4103.41,10.83,32686.18,3017.76,7.25,2808.18,387.17,8.36,2605.48,311.49,9.6,21918.0,228197.0,0.69,872.0,126317.0,0.0,0.0,759.0,0.0,0.0,163.0,0.0,0.0,742.0,0.0,0.0,1144.0,92.08,674.0,732.0,98.18,1725.0,1757.0,12.0,12.0,9.0,9.0,158.0,158.0,132.0,132.0,0.0,0.0,0.0,0.0,0.0,215810.0,0.0,0.0,0.0,0.0,0.0,115613.0,0.0,0.0,0.0,0.0,0.0,0.0,0.0,12387.0,0.0,0.0,0.0,0.0,0.0,11576.0,10704.0,11769.0,12995.0,14435.0,16222.0,18643.0,22134.0,28059.0,42153.0,197.0,220.0,248.0,283.0,327.0,386.0,473.0,618.0,882.0,182.0,162.0,142.0,122.0,102.0,82.0,62.0,42.0,22.0,24644.0,27130.0,30595.0,34659.0,40136.0,49225.0,61571.0,85651.0,136113.0,187.0,167.0,146.0,126.0,106.0,84.0,64.0,43.0,23.0,1547.0,1603.0,1687.0,1759.0,1853.0,1973.0,2123.0,2337.0,2469.0,239.0,265.0,304.0,348.0,419.0,508.0,678.0,944.0,1226.0,73.0,66.0,57.0,50.0,42.0,34.0,26.0,18.0,10.0,19223.0,20909.0,22907.0,25628.0,27002.0,27696.0,29659.0,31239.0,33159.0,14.0,13.0,12.0,10.0,9.0,8.0,6.0,5.0,4.0,100.0,1762.0,1762.0,100.0,735.0,735.0
Sep 25 2023 - 06:15:00,Sep 25 2023 - 06:30:00,MNG-KNVVB01,10.201.165.1,2.6399999999999997,1.54,2642.0,9582.0,6769.0,16.9,76654.87,4536.12,9.96,54152.19,5434.67,1.16,9.0,773.0,4.01,75.0,1869.0,17.72,73790.51000000001,4164.280000000001,10.01,51725.41,5168.2,7.7,2864.3599999999997,371.84000000000003,9.11,2426.7799999999997,266.47,14.55,20918.0,143734.0,0.49,942.0,191922.0,0.0,0.0,680.0,0.0,0.0,164.0,0.0,0.0,794.0,0.0,0.0,1346.0,93.92,726.0,773.0,93.26,1743.0,1869.0,8.0,8.0,4.0,4.0,175.0,175.0,149.0,149.0,0.0,0.0,0.0,0.0,0.0,131146.0,0.0,0.0,0.0,0.0,0.0,182094.0,0.0,0.0,0.0,0.0,0.0,0.0,0.0,12588.0,0.0,0.0,0.0,0.0,0.0,10775.0,10153.0,11152.0,12297.0,13714.0,15386.0,17622.0,21006.0,26498.0,39295.0,221.0,245.0,276.0,316.0,363.0,424.0,523.0,679.0,955.0,194.0,173.0,152.0,130.0,109.0,88.0,66.0,45.0,24.0,15809.0,17419.0,19407.0,21931.0,25316.0,30425.0,38216.0,51903.0,84268.0,193.0,172.0,151.0,130.0,109.0,87.0,66.0,45.0,24.0,2627.0,2724.0,2851.0,2950.0,3070.0,3224.0,3404.0,3685.0,3865.0,586.0,647.0,746.0,851.0,1002.0,1250.0,1610.0,2067.0,2628.0,103.0,93.0,80.0,70.0,59.0,47.0,36.0,24.0,13.0,24818.0,27016.0,29613.0,32997.0,35218.0,38562.0,42755.0,44876.0,47409.0,24.0,22.0,20.0,17.0,15.0,12.0,9.0,7.0,5.0,100.0,1873.0,1873.0,100.0,775.0,775.0
Sep 25 2023 - 06:30:00,Sep 25 2023 - 06:45:00,MNG-KNVVB01,10.201.165.1,1.46,0.8400000000000001,1546.0,5488.0,3442.0,12.27,43905.149999999994,3578.65,7.64,27535.09,3603.45,2.66,14.0,527.0,5.5,56.0,1019.0,12.47,42000.1,3369.2,7.63,26400.8,3461.5099999999998,9.1,1905.07,209.45000000000002,7.99,1134.29,141.94,11.69,9709.0,83089.0,0.37,358.0,97729.0,0.0,0.0,174.0,0.0,0.0,20.0,0.0,0.0,600.0,0.0,0.0,924.0,88.99,469.0,527.0,80.86,824.0,1019.0,1.0,1.0,2.0,2.0,89.0,89.0,73.0,73.0,0.0,0.0,0.0,0.0,0.0,74798.0,0.0,0.0,0.0,0.0,0.0,93091.0,0.0,0.0,0.0,0.0,0.0,0.0,0.0,8291.0,0.0,0.0,0.0,0.0,0.0,4996.0,5962.0,6572.0,7280.0,8206.0,9298.0,10783.0,13232.0,17396.0,27598.0,124.0,137.0,154.0,178.0,205.0,239.0,297.0,384.0,544.0,158.0,141.0,124.0,106.0,89.0,72.0,54.0,37.0,20.0,10382.0,11478.0,12849.0,14570.0,16852.0,20086.0,25088.0,33698.0,52959.0,120.0,107.0,94.0,81.0,68.0,55.0,42.0,29.0,16.0,1773.0,1837.0,1918.0,1973.0,2030.0,2121.0,2199.0,2349.0,2471.0,358.0,394.0,455.0,518.0,599.0,761.0,954.0,1150.0,1435.0,54.0,49.0,42.0,37.0,32.0,25.0,20.0,13.0,8.0,5595.0,6107.0,6706.0,7369.0,8216.0,10866.0,13096.0,13637.0,14250.0,13.0,12.0,11.0,10.0,9.0,7.0,6.0,5.0,4.0,100.0,1023.0,1023.0,100.0,530.0,530.0
Sep 25 2023 - 06:45:00,Sep 25 2023 - 07:00:00,MNG-KNVVB01,10.201.165.1,2.87,1.56,3229.0,11710.0,5081.0,18.49,93685.7,5065.85,12.02,40652.78,3380.95,2.15,16.0,744.0,7.0,174.0,2485.0,19.03,92383.27,4853.75,12.2,38878.57,3186.2,6.14,1302.4099999999999,212.1,9.11,1774.21,194.75,15.03,25261.0,168096.0,0.4,580.0,143863.0,0.0,0.0,784.0,0.0,0.0,121.0,0.0,0.0,812.0,0.0,0.0,1871.0,91.13,678.0,744.0,67.16,1669.0,2485.0,6.0,6.0,6.0,6.0,179.0,179.0,164.0,164.0,0.0,0.0,0.0,0.0,0.0,162340.0,0.0,0.0,0.0,0.0,0.0,136495.0,0.0,0.0,0.0,0.0,0.0,0.0,0.0,5756.0,0.0,0.0,0.0,0.0,0.0,7948.0,5962.0,6572.0,7280.0,8206.0,9298.0,10783.0,13232.0,17396.0,27598.0,124.0,137.0,154.0,178.0,205.0,239.0,297.0,384.0,544.0,158.0,141.0,124.0,106.0,89.0,72.0,54.0,37.0,20.0,10382.0,11478.0,12849.0,14570.0,16852.0,20086.0,25088.0,33698.0,52959.0,120.0,107.0,94.0,81.0,68.0,55.0,42.0,29.0,16.0,1773.0,1837.0,1918.0,1973.0,2030.0,2121.0,2199.0,2349.0,2471.0,358.0,394.0,455.0,518.0,599.0,761.0,954.0,1150.0,1435.0,54.0,49.0,42.0,37.0,32.0,25.0,20.0,13.0,8.0,5595.0,6107.0,6706.0,7369.0,8216.0,10866.0,13096.0,13637.0,14250.0,13.0,12.0,11.0,10.0,9.0,7.0,6.0,5.0,4.0,100.0,2485.0,2485.0,100.0,748.0,748.0
Sep 25 2023 - 07:00:00,Sep 25 2023 - 07:15:00,MNG-KNVVB01,10.201.165.1,3.06,1.55,3384.0,12468.0,4029.0,20.39,99742.37000000001,4892.610000000001,8.06,32228.54,3998.1899999999996,3.21,22.0,685.0,5.85,158.0,2699.0,21.37,97889.54000000001,4580.25,8.11,30613.3,3775.04,5.93,1852.84,312.36,7.24,1615.23,223.14999999999998,22.32,40274.0,180464.0,0.51,592.0,116142.0,0.0,0.0,684.0,0.0,0.0,135.0,0.0,0.0,781.0,0.0,0.0,2219.0,91.53,627.0,685.0,76.03,2052.0,2699.0,6.0,6.0,8.0,8.0,228.0,228.0,203.0,203.0,0.0,0.0,0.0,0.0,0.0,172299.0,0.0,0.0,0.0,0.0,0.0,109501.0,0.0,0.0,0.0,0.0,0.0,0.0,0.0,8165.0,0.0,0.0,0.0,0.0,0.0,7233.0,6523.0,7181.0,7937.0,8919.0,10091.0,11680.0,14293.0,18715.0,30116.0,128.0,142.0,159.0,182.0,209.0,243.0,299.0,382.0,536.0,212.0,189.0,166.0,142.0,119.0,96.0,72.0,49.0,26.0,13278.0,14750.0,16588.0,18946.0,22136.0,26745.0,33779.0,45534.0,72572.0,165.0,147.0,129.0,111.0,93.0,75.0,57.0,39.0,21.0,1780.0,1845.0,1915.0,1970.0,2024.0,2094.0,2165.0,2294.0,2450.0,360.0,396.0,457.0,519.0,601.0,763.0,957.0,1156.0,1450.0,51.0,46.0,40.0,35.0,30.0,24.0,19.0,13.0,8.0,6446.0,6958.0,7606.0,8269.0,9176.0,11826.0,14148.0,14689.0,15560.0,17.0,16.0,14.0,13.0,11.0,9.0,7.0,6.0,4.0,100.0,2692.0,2692.0,100.0,682.0,682.0
